DELETE FROM matches;
DELETE FROM stages;
DELETE FROM teams;
DELETE FROM stadiums;
INSERT INTO stadiums(id, name, lat, lng, city) VALUES (        1,        "Luzhniki Stadium",        55.715765,        37.5515217,        "Moscow");
INSERT INTO stadiums(id, name, lat, lng, city) VALUES (        2,        "Otkrytiye Arena",        55.817765,        37.440363,        "Moscow");
INSERT INTO stadiums(id, name, lat, lng, city) VALUES (        3,        "Krestovsky Stadium",        59.97274,        30.221408,        "Saint Petersburg");
INSERT INTO stadiums(id, name, lat, lng, city) VALUES (        4,        "Kaliningrad Stadium",        54.698157,        20.533859,        "Kaliningrad");
INSERT INTO stadiums(id, name, lat, lng, city) VALUES (        5,        "Kazan Arena",        55.820983,        49.160966,        "Kazan");
INSERT INTO stadiums(id, name, lat, lng, city) VALUES (        6,        "Nizhny Novgorod Stadium",        56.337287,        43.963251,        "Nizhny Novgorod");
INSERT INTO stadiums(id, name, lat, lng, city) VALUES (        7,        "Cosmos Arena",        53.278146,        50.238854,        "Samara");
INSERT INTO stadiums(id, name, lat, lng, city) VALUES (        8,        "Volgograd Arena",        48.734195,        44.548345,        "Volgograd");
INSERT INTO stadiums(id, name, lat, lng, city) VALUES (        9,        "Mordovia Arena",        54.181795,        45.203851,        "Saransk");
INSERT INTO stadiums(id, name, lat, lng, city) VALUES (        10,        "Rostov Arena",        47.209581,        39.738424,        "Rostov-on-Don");
INSERT INTO stadiums(id, name, lat, lng, city) VALUES (        11,        "Fisht Olympic Stadium",        43.402011,        39.955709,        "Sochi");
INSERT INTO stadiums(id, name, lat, lng, city) VALUES (        12,        "Central Stadium",        56.83249,        60.573585,        "Yekaterinburg");
INSERT INTO stages(id, opening_time, closing_time, name) VALUES (        1,        FROM_UNIXTIME(1527804000),        FROM_UNIXTIME(1528840800),        "GROUPE A");
INSERT INTO stages(id, opening_time, closing_time, name) VALUES (        2,        FROM_UNIXTIME(1527804000),        FROM_UNIXTIME(1528840800),        "GROUPE B");
INSERT INTO stages(id, opening_time, closing_time, name) VALUES (        3,        FROM_UNIXTIME(1527804000),        FROM_UNIXTIME(1528840800),        "GROUPE C");
INSERT INTO stages(id, opening_time, closing_time, name) VALUES (        4,        FROM_UNIXTIME(1527804000),        FROM_UNIXTIME(1528840800),        "GROUPE D");
INSERT INTO stages(id, opening_time, closing_time, name) VALUES (        5,        FROM_UNIXTIME(1527804000),        FROM_UNIXTIME(1528840800),        "GROUPE E");
INSERT INTO stages(id, opening_time, closing_time, name) VALUES (        6,        FROM_UNIXTIME(1527804000),        FROM_UNIXTIME(1528840800),        "GROUPE F");
INSERT INTO stages(id, opening_time, closing_time, name) VALUES (        7,        FROM_UNIXTIME(1527804000),        FROM_UNIXTIME(1528840800),        "GROUPE G");
INSERT INTO stages(id, opening_time, closing_time, name) VALUES (        8,        FROM_UNIXTIME(1527804000),        FROM_UNIXTIME(1528840800),        "GROUPE H");
INSERT INTO stages(id, opening_time, closing_time, name) VALUES (        9,        FROM_UNIXTIME(1527804000),        NULL,        "Huitièmes de finale");
INSERT INTO stages(id, opening_time, closing_time, name) VALUES (        10,        FROM_UNIXTIME(1527804000),        NULL,        "Quarts de finale");
INSERT INTO stages(id, opening_time, closing_time, name) VALUES (        11,        FROM_UNIXTIME(1527804000),        NULL,        "Demi-finales");
INSERT INTO stages(id, opening_time, closing_time, name) VALUES (        12,        FROM_UNIXTIME(1527804000),        NULL,        "Finale");
INSERT INTO stages(id, opening_time, closing_time, name) VALUES (        13,        FROM_UNIXTIME(1527804000),        NULL,        "Petite finale");
INSERT INTO teams(id, name, iso2, flag_url) VALUES (        1,        "Russia",        "ru",        "https://storage.cloud.google.com/dgc-worldcup-russia-2018.appspot.com/flags/ru.svg?organizationId=48621725833");
INSERT INTO teams(id, name, iso2, flag_url) VALUES (        2,        "Saudi Arabia",        "sa",        "https://storage.cloud.google.com/dgc-worldcup-russia-2018.appspot.com/flags/sa.svg?organizationId=48621725833");
INSERT INTO teams(id, name, iso2, flag_url) VALUES (        3,        "Egypt",        "eg",        "https://storage.cloud.google.com/dgc-worldcup-russia-2018.appspot.com/flags/eg.svg?organizationId=48621725833");
INSERT INTO teams(id, name, iso2, flag_url) VALUES (        4,        "Uruguay",        "uy",        "https://storage.cloud.google.com/dgc-worldcup-russia-2018.appspot.com/flags/uy.svg?organizationId=48621725833");
INSERT INTO teams(id, name, iso2, flag_url) VALUES (        5,        "Portugal",        "pt",        "https://storage.cloud.google.com/dgc-worldcup-russia-2018.appspot.com/flags/pt.svg?organizationId=48621725833");
INSERT INTO teams(id, name, iso2, flag_url) VALUES (        6,        "Spain",        "es",        "https://storage.cloud.google.com/dgc-worldcup-russia-2018.appspot.com/flags/es.svg?organizationId=48621725833");
INSERT INTO teams(id, name, iso2, flag_url) VALUES (        7,        "Morocco",        "ma",        "https://storage.cloud.google.com/dgc-worldcup-russia-2018.appspot.com/flags/ma.svg?organizationId=48621725833");
INSERT INTO teams(id, name, iso2, flag_url) VALUES (        8,        "Iran",        "ir",        "https://storage.cloud.google.com/dgc-worldcup-russia-2018.appspot.com/flags/ir.svg?organizationId=48621725833");
INSERT INTO teams(id, name, iso2, flag_url) VALUES (        9,        "France",        "fr",        "https://storage.cloud.google.com/dgc-worldcup-russia-2018.appspot.com/flags/fr.svg?organizationId=48621725833");
INSERT INTO teams(id, name, iso2, flag_url) VALUES (        10,        "Australia",        "au",        "https://storage.cloud.google.com/dgc-worldcup-russia-2018.appspot.com/flags/au.svg?organizationId=48621725833");
INSERT INTO teams(id, name, iso2, flag_url) VALUES (        11,        "Peru",        "pe",        "https://storage.cloud.google.com/dgc-worldcup-russia-2018.appspot.com/flags/pe.svg?organizationId=48621725833");
INSERT INTO teams(id, name, iso2, flag_url) VALUES (        12,        "Denmark",        "dk",        "https://storage.cloud.google.com/dgc-worldcup-russia-2018.appspot.com/flags/dk.svg?organizationId=48621725833");
INSERT INTO teams(id, name, iso2, flag_url) VALUES (        13,        "Argentina",        "ar",        "https://storage.cloud.google.com/dgc-worldcup-russia-2018.appspot.com/flags/ar.svg?organizationId=48621725833");
INSERT INTO teams(id, name, iso2, flag_url) VALUES (        14,        "Iceland",        "is",        "https://storage.cloud.google.com/dgc-worldcup-russia-2018.appspot.com/flags/is.svg?organizationId=48621725833");
INSERT INTO teams(id, name, iso2, flag_url) VALUES (        15,        "Croatia",        "hr",        "https://storage.cloud.google.com/dgc-worldcup-russia-2018.appspot.com/flags/hr.svg?organizationId=48621725833");
INSERT INTO teams(id, name, iso2, flag_url) VALUES (        16,        "Nigeria",        "ng",        "https://storage.cloud.google.com/dgc-worldcup-russia-2018.appspot.com/flags/ng.svg?organizationId=48621725833");
INSERT INTO teams(id, name, iso2, flag_url) VALUES (        17,        "Brazil",        "br",        "https://storage.cloud.google.com/dgc-worldcup-russia-2018.appspot.com/flags/br.svg?organizationId=48621725833");
INSERT INTO teams(id, name, iso2, flag_url) VALUES (        18,        "Switzerland",        "ch",        "https://storage.cloud.google.com/dgc-worldcup-russia-2018.appspot.com/flags/ch.svg?organizationId=48621725833");
INSERT INTO teams(id, name, iso2, flag_url) VALUES (        19,        "Costa Rica",        "cr",        "https://storage.cloud.google.com/dgc-worldcup-russia-2018.appspot.com/flags/cr.svg?organizationId=48621725833");
INSERT INTO teams(id, name, iso2, flag_url) VALUES (        20,        "Serbia",        "rs",        "https://storage.cloud.google.com/dgc-worldcup-russia-2018.appspot.com/flags/rs.svg?organizationId=48621725833");
INSERT INTO teams(id, name, iso2, flag_url) VALUES (        21,        "Germany",        "de",        "https://storage.cloud.google.com/dgc-worldcup-russia-2018.appspot.com/flags/de.svg?organizationId=48621725833");
INSERT INTO teams(id, name, iso2, flag_url) VALUES (        22,        "Mexico",        "mx",        "https://storage.cloud.google.com/dgc-worldcup-russia-2018.appspot.com/flags/mx.svg?organizationId=48621725833");
INSERT INTO teams(id, name, iso2, flag_url) VALUES (        23,        "Sweden",        "se",        "https://storage.cloud.google.com/dgc-worldcup-russia-2018.appspot.com/flags/se.svg?organizationId=48621725833");
INSERT INTO teams(id, name, iso2, flag_url) VALUES (        24,        "South Korea",        "kr",        "https://storage.cloud.google.com/dgc-worldcup-russia-2018.appspot.com/flags/kr.svg?organizationId=48621725833");
INSERT INTO teams(id, name, iso2, flag_url) VALUES (        25,        "Belgium",        "be",        "https://storage.cloud.google.com/dgc-worldcup-russia-2018.appspot.com/flags/be.svg?organizationId=48621725833");
INSERT INTO teams(id, name, iso2, flag_url) VALUES (        26,        "Panama",        "pa",        "https://storage.cloud.google.com/dgc-worldcup-russia-2018.appspot.com/flags/pa.svg?organizationId=48621725833");
INSERT INTO teams(id, name, iso2, flag_url) VALUES (        27,        "Tunisia",        "tn",        "https://storage.cloud.google.com/dgc-worldcup-russia-2018.appspot.com/flags/tn.svg?organizationId=48621725833");
INSERT INTO teams(id, name, iso2, flag_url) VALUES (        28,        "England",        "gb-eng",        "https://storage.cloud.google.com/dgc-worldcup-russia-2018.appspot.com/flags/gb-eng.svg?organizationId=48621725833");
INSERT INTO teams(id, name, iso2, flag_url) VALUES (        29,        "Poland",        "pl",        "https://storage.cloud.google.com/dgc-worldcup-russia-2018.appspot.com/flags/pl.svg?organizationId=48621725833");
INSERT INTO teams(id, name, iso2, flag_url) VALUES (        30,        "Senegal",        "sn",        "https://storage.cloud.google.com/dgc-worldcup-russia-2018.appspot.com/flags/sn.svg?organizationId=48621725833");
INSERT INTO teams(id, name, iso2, flag_url) VALUES (        31,        "Colombia",        "co",        "https://storage.cloud.google.com/dgc-worldcup-russia-2018.appspot.com/flags/co.svg?organizationId=48621725833");
INSERT INTO teams(id, name, iso2, flag_url) VALUES (        32,        "Japan",        "jp",        "https://storage.cloud.google.com/dgc-worldcup-russia-2018.appspot.com/flags/jp.svg?organizationId=48621725833");
INSERT INTO matches(id, stages_id, match_time, team_1, team_2,        placeholder_1, placeholder_2, stadiums_id, score, winner) VALUES (        1,        1,        FROM_UNIXTIME(1528988400),        1,        2,        NULL,        NULL,        1,        NULL,        NULL);
INSERT INTO matches(id, stages_id, match_time, team_1, team_2,        placeholder_1, placeholder_2, stadiums_id, score, winner) VALUES (        2,        1,        FROM_UNIXTIME(1529064000),        3,        4,        NULL,        NULL,        12,        NULL,        NULL);
INSERT INTO matches(id, stages_id, match_time, team_1, team_2,        placeholder_1, placeholder_2, stadiums_id, score, winner) VALUES (        17,        1,        FROM_UNIXTIME(1529431200),        1,        3,        NULL,        NULL,        3,        NULL,        NULL);
INSERT INTO matches(id, stages_id, match_time, team_1, team_2,        placeholder_1, placeholder_2, stadiums_id, score, winner) VALUES (        18,        1,        FROM_UNIXTIME(1529506800),        4,        2,        NULL,        NULL,        10,        NULL,        NULL);
INSERT INTO matches(id, stages_id, match_time, team_1, team_2,        placeholder_1, placeholder_2, stadiums_id, score, winner) VALUES (        33,        1,        FROM_UNIXTIME(1529935200),        4,        1,        NULL,        NULL,        7,        NULL,        NULL);
INSERT INTO matches(id, stages_id, match_time, team_1, team_2,        placeholder_1, placeholder_2, stadiums_id, score, winner) VALUES (        34,        1,        FROM_UNIXTIME(1529935200),        2,        3,        NULL,        NULL,        8,        NULL,        NULL);
INSERT INTO matches(id, stages_id, match_time, team_1, team_2,        placeholder_1, placeholder_2, stadiums_id, score, winner) VALUES (        3,        2,        FROM_UNIXTIME(1529085600),        5,        6,        NULL,        NULL,        11,        NULL,        NULL);
INSERT INTO matches(id, stages_id, match_time, team_1, team_2,        placeholder_1, placeholder_2, stadiums_id, score, winner) VALUES (        4,        2,        FROM_UNIXTIME(1529074800),        7,        8,        NULL,        NULL,        3,        NULL,        NULL);
INSERT INTO matches(id, stages_id, match_time, team_1, team_2,        placeholder_1, placeholder_2, stadiums_id, score, winner) VALUES (        19,        2,        FROM_UNIXTIME(1529496000),        5,        7,        NULL,        NULL,        1,        NULL,        NULL);
INSERT INTO matches(id, stages_id, match_time, team_1, team_2,        placeholder_1, placeholder_2, stadiums_id, score, winner) VALUES (        20,        2,        FROM_UNIXTIME(1529517600),        8,        6,        NULL,        NULL,        5,        NULL,        NULL);
INSERT INTO matches(id, stages_id, match_time, team_1, team_2,        placeholder_1, placeholder_2, stadiums_id, score, winner) VALUES (        35,        2,        FROM_UNIXTIME(1529949600),        8,        5,        NULL,        NULL,        9,        NULL,        NULL);
INSERT INTO matches(id, stages_id, match_time, team_1, team_2,        placeholder_1, placeholder_2, stadiums_id, score, winner) VALUES (        36,        2,        FROM_UNIXTIME(1529949600),        6,        7,        NULL,        NULL,        4,        NULL,        NULL);
INSERT INTO matches(id, stages_id, match_time, team_1, team_2,        placeholder_1, placeholder_2, stadiums_id, score, winner) VALUES (        5,        3,        FROM_UNIXTIME(1529143200),        9,        10,        NULL,        NULL,        5,        NULL,        NULL);
INSERT INTO matches(id, stages_id, match_time, team_1, team_2,        placeholder_1, placeholder_2, stadiums_id, score, winner) VALUES (        6,        3,        FROM_UNIXTIME(1529164800),        11,        12,        NULL,        NULL,        9,        NULL,        NULL);
INSERT INTO matches(id, stages_id, match_time, team_1, team_2,        placeholder_1, placeholder_2, stadiums_id, score, winner) VALUES (        21,        3,        FROM_UNIXTIME(1529593200),        9,        11,        NULL,        NULL,        12,        NULL,        NULL);
INSERT INTO matches(id, stages_id, match_time, team_1, team_2,        placeholder_1, placeholder_2, stadiums_id, score, winner) VALUES (        22,        3,        FROM_UNIXTIME(1529582400),        12,        10,        NULL,        NULL,        7,        NULL,        NULL);
INSERT INTO matches(id, stages_id, match_time, team_1, team_2,        placeholder_1, placeholder_2, stadiums_id, score, winner) VALUES (        37,        3,        FROM_UNIXTIME(1530021600),        12,        9,        NULL,        NULL,        1,        NULL,        NULL);
INSERT INTO matches(id, stages_id, match_time, team_1, team_2,        placeholder_1, placeholder_2, stadiums_id, score, winner) VALUES (        38,        3,        FROM_UNIXTIME(1530025200),        10,        11,        NULL,        NULL,        11,        NULL,        NULL);
INSERT INTO matches(id, stages_id, match_time, team_1, team_2,        placeholder_1, placeholder_2, stadiums_id, score, winner) VALUES (        7,        4,        FROM_UNIXTIME(1529154000),        13,        14,        NULL,        NULL,        2,        NULL,        NULL);
INSERT INTO matches(id, stages_id, match_time, team_1, team_2,        placeholder_1, placeholder_2, stadiums_id, score, winner) VALUES (        8,        4,        FROM_UNIXTIME(1529175600),        15,        16,        NULL,        NULL,        4,        NULL,        NULL);
INSERT INTO matches(id, stages_id, match_time, team_1, team_2,        placeholder_1, placeholder_2, stadiums_id, score, winner) VALUES (        23,        4,        FROM_UNIXTIME(1529604000),        13,        15,        NULL,        NULL,        6,        NULL,        NULL);
INSERT INTO matches(id, stages_id, match_time, team_1, team_2,        placeholder_1, placeholder_2, stadiums_id, score, winner) VALUES (        24,        4,        FROM_UNIXTIME(1529679600),        16,        14,        NULL,        NULL,        8,        NULL,        NULL);
INSERT INTO matches(id, stages_id, match_time, team_1, team_2,        placeholder_1, placeholder_2, stadiums_id, score, winner) VALUES (        39,        4,        FROM_UNIXTIME(1530036000),        16,        13,        NULL,        NULL,        3,        NULL,        NULL);
INSERT INTO matches(id, stages_id, match_time, team_1, team_2,        placeholder_1, placeholder_2, stadiums_id, score, winner) VALUES (        40,        4,        FROM_UNIXTIME(1530036000),        14,        15,        NULL,        NULL,        10,        NULL,        NULL);
INSERT INTO matches(id, stages_id, match_time, team_1, team_2,        placeholder_1, placeholder_2, stadiums_id, score, winner) VALUES (        9,        5,        FROM_UNIXTIME(1529258400),        17,        18,        NULL,        NULL,        10,        NULL,        NULL);
INSERT INTO matches(id, stages_id, match_time, team_1, team_2,        placeholder_1, placeholder_2, stadiums_id, score, winner) VALUES (        10,        5,        FROM_UNIXTIME(1529236800),        19,        20,        NULL,        NULL,        7,        NULL,        NULL);
INSERT INTO matches(id, stages_id, match_time, team_1, team_2,        placeholder_1, placeholder_2, stadiums_id, score, winner) VALUES (        25,        5,        FROM_UNIXTIME(1529668800),        17,        19,        NULL,        NULL,        3,        NULL,        NULL);
INSERT INTO matches(id, stages_id, match_time, team_1, team_2,        placeholder_1, placeholder_2, stadiums_id, score, winner) VALUES (        26,        5,        FROM_UNIXTIME(1529690400),        20,        18,        NULL,        NULL,        4,        NULL,        NULL);
INSERT INTO matches(id, stages_id, match_time, team_1, team_2,        placeholder_1, placeholder_2, stadiums_id, score, winner) VALUES (        41,        5,        FROM_UNIXTIME(1530122400),        20,        17,        NULL,        NULL,        2,        NULL,        NULL);
INSERT INTO matches(id, stages_id, match_time, team_1, team_2,        placeholder_1, placeholder_2, stadiums_id, score, winner) VALUES (        42,        5,        FROM_UNIXTIME(1530122400),        18,        19,        NULL,        NULL,        6,        NULL,        NULL);
INSERT INTO matches(id, stages_id, match_time, team_1, team_2,        placeholder_1, placeholder_2, stadiums_id, score, winner) VALUES (        11,        6,        FROM_UNIXTIME(1529247600),        21,        22,        NULL,        NULL,        1,        NULL,        NULL);
INSERT INTO matches(id, stages_id, match_time, team_1, team_2,        placeholder_1, placeholder_2, stadiums_id, score, winner) VALUES (        12,        6,        FROM_UNIXTIME(1529323200),        23,        24,        NULL,        NULL,        6,        NULL,        NULL);
INSERT INTO matches(id, stages_id, match_time, team_1, team_2,        placeholder_1, placeholder_2, stadiums_id, score, winner) VALUES (        27,        6,        FROM_UNIXTIME(1529776800),        21,        23,        NULL,        NULL,        11,        NULL,        NULL);
INSERT INTO matches(id, stages_id, match_time, team_1, team_2,        placeholder_1, placeholder_2, stadiums_id, score, winner) VALUES (        28,        6,        FROM_UNIXTIME(1529766000),        24,        22,        NULL,        NULL,        10,        NULL,        NULL);
INSERT INTO matches(id, stages_id, match_time, team_1, team_2,        placeholder_1, placeholder_2, stadiums_id, score, winner) VALUES (        43,        6,        FROM_UNIXTIME(1530108000),        24,        21,        NULL,        NULL,        5,        NULL,        NULL);
INSERT INTO matches(id, stages_id, match_time, team_1, team_2,        placeholder_1, placeholder_2, stadiums_id, score, winner) VALUES (        44,        6,        FROM_UNIXTIME(1530108000),        22,        23,        NULL,        NULL,        12,        NULL,        NULL);
INSERT INTO matches(id, stages_id, match_time, team_1, team_2,        placeholder_1, placeholder_2, stadiums_id, score, winner) VALUES (        13,        7,        FROM_UNIXTIME(1529334000),        25,        26,        NULL,        NULL,        11,        NULL,        NULL);
INSERT INTO matches(id, stages_id, match_time, team_1, team_2,        placeholder_1, placeholder_2, stadiums_id, score, winner) VALUES (        14,        7,        FROM_UNIXTIME(1529344800),        27,        28,        NULL,        NULL,        8,        NULL,        NULL);
INSERT INTO matches(id, stages_id, match_time, team_1, team_2,        placeholder_1, placeholder_2, stadiums_id, score, winner) VALUES (        29,        7,        FROM_UNIXTIME(1529755200),        25,        27,        NULL,        NULL,        2,        NULL,        NULL);
INSERT INTO matches(id, stages_id, match_time, team_1, team_2,        placeholder_1, placeholder_2, stadiums_id, score, winner) VALUES (        30,        7,        FROM_UNIXTIME(1529841600),        28,        26,        NULL,        NULL,        6,        NULL,        NULL);
INSERT INTO matches(id, stages_id, match_time, team_1, team_2,        placeholder_1, placeholder_2, stadiums_id, score, winner) VALUES (        45,        7,        FROM_UNIXTIME(1530208800),        28,        25,        NULL,        NULL,        4,        NULL,        NULL);
INSERT INTO matches(id, stages_id, match_time, team_1, team_2,        placeholder_1, placeholder_2, stadiums_id, score, winner) VALUES (        46,        7,        FROM_UNIXTIME(1530208800),        26,        27,        NULL,        NULL,        9,        NULL,        NULL);
INSERT INTO matches(id, stages_id, match_time, team_1, team_2,        placeholder_1, placeholder_2, stadiums_id, score, winner) VALUES (        15,        8,        FROM_UNIXTIME(1529420400),        29,        30,        NULL,        NULL,        2,        NULL,        NULL);
INSERT INTO matches(id, stages_id, match_time, team_1, team_2,        placeholder_1, placeholder_2, stadiums_id, score, winner) VALUES (        16,        8,        FROM_UNIXTIME(1529409600),        31,        32,        NULL,        NULL,        9,        NULL,        NULL);
INSERT INTO matches(id, stages_id, match_time, team_1, team_2,        placeholder_1, placeholder_2, stadiums_id, score, winner) VALUES (        31,        8,        FROM_UNIXTIME(1529852400),        29,        31,        NULL,        NULL,        5,        NULL,        NULL);
INSERT INTO matches(id, stages_id, match_time, team_1, team_2,        placeholder_1, placeholder_2, stadiums_id, score, winner) VALUES (        32,        8,        FROM_UNIXTIME(1529863200),        32,        30,        NULL,        NULL,        12,        NULL,        NULL);
INSERT INTO matches(id, stages_id, match_time, team_1, team_2,        placeholder_1, placeholder_2, stadiums_id, score, winner) VALUES (        47,        8,        FROM_UNIXTIME(1530194400),        32,        29,        NULL,        NULL,        8,        NULL,        NULL);
INSERT INTO matches(id, stages_id, match_time, team_1, team_2,        placeholder_1, placeholder_2, stadiums_id, score, winner) VALUES (        48,        8,        FROM_UNIXTIME(1530194400),        30,        31,        NULL,        NULL,        7,        NULL,        NULL);
INSERT INTO matches(id, stages_id, match_time, team_1, team_2,        placeholder_1, placeholder_2, stadiums_id, score, winner) VALUES (        49,        9,        FROM_UNIXTIME(1530367200),        NULL,        NULL,        "Vainqueur du groupe A",        "Second du groupe B",        11,        NULL,        NULL);
INSERT INTO matches(id, stages_id, match_time, team_1, team_2,        placeholder_1, placeholder_2, stadiums_id, score, winner) VALUES (        50,        9,        FROM_UNIXTIME(1530381600),        NULL,        NULL,        "Vainqueur du groupe C",        "Second du groupe D",        5,        NULL,        NULL);
INSERT INTO matches(id, stages_id, match_time, team_1, team_2,        placeholder_1, placeholder_2, stadiums_id, score, winner) VALUES (        51,        9,        FROM_UNIXTIME(1530453600),        NULL,        NULL,        "Vainqueur du groupe B",        "Second du groupe A",        1,        NULL,        NULL);
INSERT INTO matches(id, stages_id, match_time, team_1, team_2,        placeholder_1, placeholder_2, stadiums_id, score, winner) VALUES (        52,        9,        FROM_UNIXTIME(1530468000),        NULL,        NULL,        "Vainqueur du groupe D",        "Second du groupe C",        6,        NULL,        NULL);
INSERT INTO matches(id, stages_id, match_time, team_1, team_2,        placeholder_1, placeholder_2, stadiums_id, score, winner) VALUES (        53,        9,        FROM_UNIXTIME(1530540000),        NULL,        NULL,        "Vainqueur du groupe E",        "Second du groupe F",        7,        NULL,        NULL);
INSERT INTO matches(id, stages_id, match_time, team_1, team_2,        placeholder_1, placeholder_2, stadiums_id, score, winner) VALUES (        54,        9,        FROM_UNIXTIME(1530554400),        NULL,        NULL,        "Vainqueur du groupe G",        "Second du groupe H",        10,        NULL,        NULL);
INSERT INTO matches(id, stages_id, match_time, team_1, team_2,        placeholder_1, placeholder_2, stadiums_id, score, winner) VALUES (        55,        9,        FROM_UNIXTIME(1530626400),        NULL,        NULL,        "Vainqueur du groupe F",        "Second du groupe E",        3,        NULL,        NULL);
INSERT INTO matches(id, stages_id, match_time, team_1, team_2,        placeholder_1, placeholder_2, stadiums_id, score, winner) VALUES (        56,        9,        FROM_UNIXTIME(1530640800),        NULL,        NULL,        "Vainqueur du groupe H",        "Second du groupe G",        2,        NULL,        NULL);
INSERT INTO matches(id, stages_id, match_time, team_1, team_2,        placeholder_1, placeholder_2, stadiums_id, score, winner) VALUES (        57,        10,        FROM_UNIXTIME(1530885600),        NULL,        NULL,        "Vainqueur du huitième de finale 49",        "Vainqueur du huitième de finale 50",        6,        NULL,        NULL);
INSERT INTO matches(id, stages_id, match_time, team_1, team_2,        placeholder_1, placeholder_2, stadiums_id, score, winner) VALUES (        58,        10,        FROM_UNIXTIME(1530900000),        NULL,        NULL,        "Vainqueur du huitième de finale 53",        "Vainqueur du huitième de finale 54",        5,        NULL,        NULL);
INSERT INTO matches(id, stages_id, match_time, team_1, team_2,        placeholder_1, placeholder_2, stadiums_id, score, winner) VALUES (        59,        10,        FROM_UNIXTIME(1530986400),        NULL,        NULL,        "Vainqueur du huitième de finale 51",        "Vainqueur du huitième de finale 52",        11,        NULL,        NULL);
INSERT INTO matches(id, stages_id, match_time, team_1, team_2,        placeholder_1, placeholder_2, stadiums_id, score, winner) VALUES (        60,        10,        FROM_UNIXTIME(1530972000),        NULL,        NULL,        "Vainqueur du huitième de finale 55",        "Vainqueur du huitième de finale 56",        7,        NULL,        NULL);
INSERT INTO matches(id, stages_id, match_time, team_1, team_2,        placeholder_1, placeholder_2, stadiums_id, score, winner) VALUES (        61,        11,        FROM_UNIXTIME(1531245600),        NULL,        NULL,        "Vainqueur du quart de finale 57",        "Vainqueur du quart de finale 58",        3,        NULL,        NULL);
INSERT INTO matches(id, stages_id, match_time, team_1, team_2,        placeholder_1, placeholder_2, stadiums_id, score, winner) VALUES (        62,        11,        FROM_UNIXTIME(1531332000),        NULL,        NULL,        "Vainqueur du quart de finale 59",        "Vainqueur du quart de finale 60",        1,        NULL,        NULL);
INSERT INTO matches(id, stages_id, match_time, team_1, team_2,        placeholder_1, placeholder_2, stadiums_id, score, winner) VALUES (        63,        13,        FROM_UNIXTIME(1531576800),        NULL,        NULL,        "Perdant de la demi-finale 61",        "Perdant de la demi-finale 62",        3,        NULL,        NULL);
INSERT INTO matches(id, stages_id, match_time, team_1, team_2,        placeholder_1, placeholder_2, stadiums_id, score, winner) VALUES (        64,        12,        FROM_UNIXTIME(1531666800),        NULL,        NULL,        "Vainqueur de la demi-finale 61",        "Vainqueur de la demi-finale 62",        1,        NULL,        NULL);
INSERT INTO worldcup(winner, opening_time, closing_time) VALUES (NULL, '2018-06-14T17:00:00', '2018-07-15T17:00:00');