-- MySQL dump 10.13  Distrib 5.7.14, for Linux (x86_64)
--
-- Host: localhost    Database: afcon_2019
-- ------------------------------------------------------
-- Server version	5.7.14-google

/*!40101 SET @OLD_CHARACTER_SET_CLIENT=@@CHARACTER_SET_CLIENT */;
/*!40101 SET @OLD_CHARACTER_SET_RESULTS=@@CHARACTER_SET_RESULTS */;
/*!40101 SET @OLD_COLLATION_CONNECTION=@@COLLATION_CONNECTION */;
/*!40101 SET NAMES utf8 */;
/*!40103 SET @OLD_TIME_ZONE=@@TIME_ZONE */;
/*!40103 SET TIME_ZONE='+00:00' */;
/*!40014 SET @OLD_UNIQUE_CHECKS=@@UNIQUE_CHECKS, UNIQUE_CHECKS=0 */;
/*!40014 SET @OLD_FOREIGN_KEY_CHECKS=@@FOREIGN_KEY_CHECKS, FOREIGN_KEY_CHECKS=0 */;
/*!40101 SET @OLD_SQL_MODE=@@SQL_MODE, SQL_MODE='NO_AUTO_VALUE_ON_ZERO' */;
/*!40111 SET @OLD_SQL_NOTES=@@SQL_NOTES, SQL_NOTES=0 */;

--
-- Current Database: `afcon_2019`
--

CREATE DATABASE /*!32312 IF NOT EXISTS*/ `afcon_2019` /*!40100 DEFAULT CHARACTER SET utf8 */;

USE `afcon_2019`;

--
-- Table structure for table `matches`
--

DROP TABLE IF EXISTS `matches`;
/*!40101 SET @saved_cs_client     = @@character_set_client */;
/*!40101 SET character_set_client = utf8 */;
CREATE TABLE `matches` (
  `id` int(11) NOT NULL AUTO_INCREMENT,
  `stages_id` int(11) NOT NULL,
  `match_time` timestamp NULL DEFAULT NULL,
  `team_1` int(11) DEFAULT NULL,
  `team_2` int(11) DEFAULT NULL,
  `placeholder_1` varchar(255) DEFAULT NULL,
  `placeholder_2` varchar(255) DEFAULT NULL,
  `stadiums_id` int(11) NOT NULL,
  `score` varchar(45) DEFAULT NULL,
  `winner` int(11) DEFAULT NULL,
  PRIMARY KEY (`id`),
  KEY `fk_matches_stages1_idx` (`stages_id`),
  KEY `fk_matches_stadiums1_idx` (`stadiums_id`),
  KEY `fk_matches_teams1_idx` (`winner`),
  KEY `fk_matches_teams2_idx` (`team_1`),
  KEY `fk_matches_teams3_idx` (`team_2`),
  CONSTRAINT `fk_matches_stadiums1` FOREIGN KEY (`stadiums_id`) REFERENCES `stadiums` (`id`),
  CONSTRAINT `fk_matches_stages1` FOREIGN KEY (`stages_id`) REFERENCES `stages` (`id`),
  CONSTRAINT `fk_matches_team1` FOREIGN KEY (`team_1`) REFERENCES `teams` (`id`),
  CONSTRAINT `fk_matches_team2` FOREIGN KEY (`team_2`) REFERENCES `teams` (`id`),
  CONSTRAINT `fk_matches_winner` FOREIGN KEY (`winner`) REFERENCES `teams` (`id`)
) ENGINE=InnoDB AUTO_INCREMENT=65 DEFAULT CHARSET=utf8;
/*!40101 SET character_set_client = @saved_cs_client */;

--
-- Dumping data for table `matches`
--

LOCK TABLES `matches` WRITE;
/*!40000 ALTER TABLE `matches` DISABLE KEYS */;
INSERT INTO `matches` VALUES (1,1,'2019-06-21 20:00:00',1,4,NULL,NULL,1,'1-0',1),(2,1,'2019-06-22 14:30:00',2,3,NULL,NULL,1,'0-2',3),(3,2,'2019-06-22 18:00:00',5,8,NULL,NULL,5,'1-0',5),(4,2,'2019-06-22 20:00:00',6,7,NULL,NULL,5,'2-2',NULL),(5,3,'2019-06-23 17:00:00',9,11,NULL,NULL,2,'2-0',9),(6,3,'2019-06-23 20:00:00',10,12,NULL,NULL,2,'2-0',10),(7,4,'2019-06-23 14:30:00',13,16,NULL,NULL,6,'1-0',13),(8,4,'2019-06-24 14:30:00',14,15,NULL,NULL,6,'1-0',14),(9,5,'2019-06-24 17:00:00',17,20,NULL,NULL,3,'1-1',NULL),(10,5,'2019-06-24 20:00:00',18,19,NULL,NULL,3,'4-1',18),(11,6,'2019-06-25 17:00:00',21,24,NULL,NULL,4,'2-0',21),(12,6,'2019-06-25 20:00:00',22,23,NULL,NULL,4,'2-2',NULL),(17,1,'2019-06-26 20:00:00',1,2,NULL,NULL,1,'2-0',1),(18,1,'2019-06-26 17:00:00',3,4,NULL,NULL,1,'1-1',NULL),(19,2,'2019-06-26 14:30:00',5,6,NULL,NULL,5,'1-0',5),(20,2,'2019-06-27 14:30:00',7,8,NULL,NULL,5,'1-0',7),(21,3,'2019-06-27 17:00:00',9,10,NULL,NULL,2,'0-1',10),(22,3,'2019-06-27 20:00:00',12,11,NULL,NULL,2,'3-2',12),(23,4,'2019-06-28 17:00:00',13,14,NULL,NULL,6,'1-0',13),(24,4,'2019-06-28 20:00:00',15,16,NULL,NULL,6,'1-0',15),(25,5,'2019-06-28 14:30:00',17,18,NULL,NULL,3,'1-1',NULL),(26,5,'2019-06-29 14:30:00',19,20,NULL,NULL,3,'0-0',NULL),(27,6,'2019-06-29 17:00:00',21,22,NULL,NULL,4,'0-0',NULL),(28,6,'2019-06-29 20:00:00',23,24,NULL,NULL,4,'0-0',NULL),(33,1,'2019-06-30 19:00:00',3,1,NULL,NULL,1,'0-2',1),(34,1,'2019-06-30 19:00:00',4,2,NULL,NULL,2,'0-4',2),(35,2,'2019-06-30 16:00:00',7,5,NULL,NULL,5,'2-0',7),(36,2,'2019-06-30 16:00:00',8,6,NULL,NULL,6,'0-2',6),(37,3,'2019-07-01 19:00:00',12,9,NULL,NULL,2,'0-3',9),(38,3,'2019-07-01 19:00:00',11,10,NULL,NULL,6,'0-3',10),(39,4,'2019-07-01 16:00:00',15,13,NULL,NULL,6,'0-1',13),(40,4,'2019-07-01 16:00:00',16,14,NULL,NULL,2,'1-4',14),(41,5,'2019-07-02 19:00:00',19,17,NULL,NULL,3,'0-0',NULL),(42,5,'2019-07-02 19:00:00',20,18,NULL,NULL,4,'0-1',18),(43,6,'2019-07-02 16:00:00',23,21,NULL,NULL,4,'0-0',NULL),(44,6,'2019-07-02 16:00:00',24,22,NULL,NULL,3,'0-2',22),(49,9,'2019-07-05 19:00:00',3,9,'2e Gpe A','2e Gpe C',1,'0-1',9),(50,9,'2019-07-05 16:00:00',13,23,'1er Gpe D','3e Gpe B/E/F',6,'1-1',NULL),(51,9,'2019-07-07 16:00:00',7,2,'1er Gpe B','3e Gpe A/C/D',5,'2-2',NULL),(52,9,'2019-07-08 19:00:00',22,17,'1er Gpe F','2e Gpe E',4,'1-1',NULL),(53,9,'2019-07-08 16:00:00',18,14,'1er Gpe E','2e Gpe D',3,'0-1',14),(54,9,'2019-07-07 19:00:00',10,6,'1er Gpe C','3e Gpe A/B/F',2,'3-0',10),(55,9,'2019-07-06 16:00:00',5,21,'2e Gpe B','2e Gpe F',5,'3-2',5),(56,9,'2019-07-06 19:00:00',1,15,'1er Gpe A','3e Gpe C/D/E',1,'0-1',15),(57,10,'2019-07-10 16:00:00',9,23,'Vainqueur du huitième de finale 49','Vainqueur du huitième de finale 50',2,'1-0',9),(58,10,'2019-07-11 19:00:00',7,17,'Vainqueur du huitième de finale 51','Vainqueur du huitième de finale 52',6,'0-3',17),(59,10,'2019-07-11 16:00:00',10,14,'Vainqueur du huitième de finale 53','Vainqueur du huitième de finale 54',3,'1-1',NULL),(60,10,'2019-07-10 19:00:00',5,15,'Vainqueur du huitième de finale 55','Vainqueur du huitième de finale 56',1,'2-1',5),(61,11,'2019-07-14 16:00:00',9,17,'Vainqueur du quart de finale 57','Vainqueur du quart de finale 58',2,'1-0',9),(62,11,'2019-07-14 19:00:00',10,5,'Vainqueur du quart de finale 59','Vainqueur du quart de finale 60',1,'2-1',10),(63,13,'2019-07-17 19:00:00',17,5,'Perdant de la demi-finale 61','Perdant de la demi-finale 62',6,'0-1',5),(64,12,'2019-07-19 19:00:00',9,10,'Vainqueur de la demi-finale 61','Vainqueur de la demi-finale 62',1,'0-1',10);
/*!40000 ALTER TABLE `matches` ENABLE KEYS */;
UNLOCK TABLES;

--
-- Table structure for table `predictions`
--

DROP TABLE IF EXISTS `predictions`;
/*!40101 SET @saved_cs_client     = @@character_set_client */;
/*!40101 SET character_set_client = utf8 */;
CREATE TABLE `predictions` (
  `id` int(11) NOT NULL AUTO_INCREMENT,
  `matches_id` int(11) NOT NULL,
  `score` varchar(45) DEFAULT NULL,
  `winner` int(11) DEFAULT NULL,
  `users_id` int(11) NOT NULL,
  PRIMARY KEY (`id`,`users_id`),
  UNIQUE KEY `uq_user_match` (`users_id`,`matches_id`),
  KEY `fk_predictions_matches1_idx` (`matches_id`),
  KEY `fk_predictions_teams1_idx` (`winner`),
  KEY `fk_predictions_users1_idx` (`users_id`),
  CONSTRAINT `fk_predictions_matches1` FOREIGN KEY (`matches_id`) REFERENCES `matches` (`id`),
  CONSTRAINT `fk_predictions_teams1` FOREIGN KEY (`winner`) REFERENCES `teams` (`id`),
  CONSTRAINT `fk_predictions_users1` FOREIGN KEY (`users_id`) REFERENCES `users` (`id`)
) ENGINE=InnoDB AUTO_INCREMENT=1135 DEFAULT CHARSET=utf8;
/*!40101 SET character_set_client = @saved_cs_client */;

--
-- Dumping data for table `predictions`
--

LOCK TABLES `predictions` WRITE;
/*!40000 ALTER TABLE `predictions` DISABLE KEYS */;
INSERT INTO `predictions` VALUES (25,1,'2-1',1,27),(26,11,'3-1',21,27),(27,2,'3-2',2,27),(28,3,'4-2',5,27),(29,1,'2-1',1,28),(30,17,'2-1',1,27),(31,1,'2-0',1,34),(32,2,'2-1',2,34),(33,3,'2-0',5,34),(34,4,'1-0',6,34),(35,12,'2-1',22,27),(36,1,'2-0',1,44),(37,2,'0-0',NULL,44),(38,1,'3-0',1,50),(39,2,'2-0',2,50),(40,3,'4-0',5,50),(41,18,'1-3',4,27),(42,11,'3-0',21,52),(43,8,'1-0',14,52),(44,4,'2-0',6,52),(45,1,'3-0',1,52),(46,3,'2-0',5,52),(47,2,'2-1',2,52),(48,7,'3-0',13,52),(49,5,'4-0',9,52),(50,6,'3-1',10,52),(51,10,'2-1',18,52),(52,9,'2-1',17,52),(53,1,'3-1',1,83),(54,1,'3-1',1,92),(55,4,'7-4',6,27),(56,5,'4-1',9,27),(57,6,'2-0',10,27),(58,7,'1-1',NULL,27),(59,8,'3-1',14,27),(60,9,'1-1',NULL,27),(61,10,'0-4',19,27),(62,19,'3-1',5,27),(63,20,'1-0',7,27),(64,21,'2-1',9,27),(65,22,'0-0',NULL,27),(66,23,'1-2',14,27),(67,24,'2-2',NULL,27),(68,25,'2-2',NULL,27),(69,26,'2-2',NULL,27),(70,27,'2-3',22,27),(71,28,'2-4',24,27),(72,33,'0-2',1,27),(73,34,'1-1',NULL,27),(74,35,'1-0',7,27),(75,36,'2-0',8,27),(76,37,'0-3',9,27),(77,38,'2-3',10,27),(78,39,'2-0',15,27),(79,40,'2-3',14,27),(80,41,'2-4',17,27),(81,42,'0-2',18,27),(82,43,'3-4',21,27),(83,44,'1-1',NULL,27),(84,11,'1-0',21,98),(85,1,'2-0',1,98),(86,2,'2-4',3,28),(87,3,'0-3',8,28),(88,4,'1-1',NULL,28),(89,5,'0-2',11,28),(90,6,'1-2',12,28),(91,7,'3-1',13,28),(92,8,'4-4',NULL,28),(93,9,'4-3',17,28),(94,10,'2-4',19,28),(95,11,'3-4',24,28),(96,12,'1-1',NULL,28),(97,17,'4-3',1,28),(98,18,'4-1',3,28),(99,19,'1-0',5,28),(100,20,'4-1',7,28),(101,21,'3-3',NULL,28),(102,22,'4-0',12,28),(103,23,'4-3',13,28),(104,24,'0-3',16,28),(105,25,'3-1',17,28),(106,26,'2-3',20,28),(107,27,'2-2',NULL,28),(108,28,'2-1',23,28),(109,33,'0-0',NULL,28),(110,34,'3-0',4,28),(111,35,'3-1',7,28),(112,36,'3-0',8,28),(113,37,'0-1',9,28),(114,38,'1-1',NULL,28),(115,39,'3-1',15,28),(116,40,'3-0',16,28),(117,41,'2-0',19,28),(118,42,'1-2',18,28),(119,43,'0-3',21,28),(120,44,'3-4',22,28),(121,1,'2-0',1,47),(122,1,'2-0',1,42),(123,2,'2-1',2,42),(124,3,'1-1',NULL,42),(125,4,'3-2',6,42),(126,7,'3-0',13,42),(127,5,'3-1',9,42),(128,6,'2-0',10,42),(129,8,'1-1',NULL,42),(130,9,'2-1',17,42),(131,10,'0-1',19,42),(132,11,'3-0',21,42),(133,12,'2-0',22,42),(134,19,'2-0',5,42),(135,1,'2-0',1,65),(136,2,'2-1',2,65),(137,3,'2-0',5,65),(138,4,'1-1',NULL,65),(139,5,'2-0',9,65),(140,6,'2-0',10,65),(141,7,'2-1',13,65),(142,8,'2-1',14,65),(143,9,'3-1',17,65),(144,10,'1-0',18,65),(145,11,'2-1',21,65),(146,12,'2-0',22,65),(147,17,'3-0',1,65),(148,18,'3-1',3,65),(149,19,'3-1',5,65),(150,20,'1-1',NULL,65),(151,21,'2-1',9,65),(152,22,'1-0',12,65),(153,23,'0-1',14,65),(154,24,'2-0',15,65),(155,25,'3-1',17,65),(156,26,'1-2',20,65),(157,27,'2-1',21,65),(158,28,'2-0',23,65),(159,33,'0-2',1,65),(160,34,'1-0',4,65),(161,35,'0-2',5,65),(162,36,'1-1',NULL,65),(163,37,'0-2',9,65),(164,38,'0-2',10,65),(165,39,'1-0',15,65),(166,40,'0-2',14,65),(167,41,'0-2',17,65),(168,42,'1-0',20,65),(169,43,'1-2',21,65),(170,44,'1-2',22,65),(171,1,'3-0',1,64),(172,2,'2-0',2,64),(173,3,'2-0',5,64),(174,4,'1-0',6,64),(175,7,'2-0',13,64),(176,5,'3-0',9,64),(177,6,'2-0',10,64),(178,8,'2-1',14,64),(179,9,'3-1',17,64),(180,10,'2-1',18,64),(181,1,'1-0',1,103),(182,2,'2-1',2,103),(183,3,'1-0',5,103),(184,4,'0-0',NULL,103),(185,7,'1-0',13,103),(186,5,'2-1',9,103),(187,6,'3-1',10,103),(188,8,'0-0',NULL,103),(189,9,'2-1',17,103),(190,10,'1-0',18,103),(191,11,'2-0',21,103),(192,12,'3-1',22,103),(193,19,'2-0',5,103),(194,18,'0-0',NULL,103),(195,17,'1-1',NULL,103),(196,20,'0-1',8,103),(197,21,'0-0',NULL,103),(198,22,'0-1',11,103),(199,25,'2-1',17,103),(200,1,'2-2',NULL,124),(201,2,'1-3',3,124),(202,3,'0-0',NULL,124),(203,4,'1-0',6,124),(204,5,'2-1',9,124),(205,6,'4-1',10,124),(206,7,'3-1',13,124),(207,8,'1-2',15,124),(208,9,'3-0',17,124),(209,10,'2-1',18,124),(210,11,'4-1',21,124),(211,12,'2-1',22,124),(212,17,'2-0',1,124),(213,18,'1-2',4,124),(214,19,'1-0',5,124),(215,20,'3-4',8,124),(216,21,'3-2',9,124),(217,22,'1-3',11,124),(218,23,'2-1',13,124),(219,24,'2-2',NULL,124),(220,25,'3-0',17,124),(221,26,'0-1',20,124),(222,27,'2-1',21,124),(223,28,'2-1',23,124),(224,33,'1-4',1,124),(225,34,'2-2',NULL,124),(226,35,'1-2',5,124),(227,36,'2-4',6,124),(228,37,'0-1',9,124),(229,38,'1-4',10,124),(230,39,'1-1',NULL,124),(231,40,'1-2',14,124),(232,41,'1-2',17,124),(233,42,'0-0',NULL,124),(234,43,'3-2',23,124),(235,44,'2-2',NULL,124),(236,1,'2-0',1,137),(237,2,'1-1',NULL,137),(238,3,'3-0',5,137),(239,4,'1-2',7,137),(240,7,'3-1',13,137),(241,5,'4-0',9,137),(242,6,'2-0',10,137),(243,8,'2-1',14,137),(244,9,'1-2',20,137),(245,10,'2-1',18,137),(246,11,'3-0',21,137),(247,12,'2-0',22,137),(248,19,'2-0',5,137),(249,18,'1-1',NULL,137),(250,17,'1-0',1,137),(251,20,'0-1',8,137),(252,21,'1-1',NULL,137),(253,22,'1-2',11,137),(254,25,'1-2',18,137),(255,23,'0-1',14,137),(256,24,'2-0',15,137),(257,26,'1-1',NULL,137),(258,27,'1-1',NULL,137),(259,28,'2-1',23,137),(260,35,'0-4',5,137),(261,36,'1-2',6,137),(262,33,'0-2',1,137),(263,34,'2-1',4,137),(264,39,'0-1',13,137),(265,40,'0-2',14,137),(266,37,'0-2',9,137),(267,38,'0-3',10,137),(268,43,'0-3',21,137),(269,41,'1-2',17,137),(270,42,'0-4',18,137),(271,1,'2-0',1,143),(272,2,'2-1',2,143),(273,3,'2-0',5,143),(274,4,'3-1',6,143),(275,7,'1-0',13,143),(276,5,'3-0',9,143),(277,6,'2-0',10,143),(278,8,'1-1',NULL,143),(279,9,'1-0',17,143),(280,10,'3-0',18,143),(281,1,'3-1',1,115),(282,1,'2-0',1,149),(283,2,'1-0',2,149),(284,3,'2-0',5,149),(285,7,'1-0',13,149),(286,4,'1-1',NULL,149),(287,1,'3-0',1,157),(288,2,'2-1',2,157),(289,3,'3-1',5,157),(290,7,'2-0',13,157),(291,5,'4-1',9,157),(292,6,'2-1',10,157),(293,8,'2-0',14,157),(294,9,'2-1',17,157),(295,10,'2-1',18,157),(296,11,'3-1',21,157),(297,1,'2-0',1,160),(298,4,'3-0',6,157),(299,1,'2-1',1,163),(300,2,'3-1',2,163),(301,3,'4-0',5,163),(302,4,'1-1',NULL,163),(303,7,'1-1',NULL,163),(304,5,'3-0',9,163),(305,6,'2-1',10,163),(306,8,'0-0',NULL,163),(307,9,'1-1',NULL,163),(308,10,'2-1',18,163),(309,11,'2-0',21,163),(310,12,'0-0',NULL,163),(311,19,'2-1',5,163),(312,23,'0-2',14,163),(313,25,'0-0',NULL,163),(314,22,'1-1',NULL,163),(315,21,'2-0',9,163),(316,20,'0-0',NULL,163),(317,17,'1-0',1,163),(318,18,'1-1',NULL,163),(319,1,'1-0',1,58),(320,2,'0-2',3,58),(321,3,'1-0',5,58),(322,4,'2-2',NULL,58),(323,7,'1-0',13,58),(324,5,'2-0',9,58),(325,5,'0-2',11,149),(326,6,'3-1',10,149),(327,8,'1-2',15,149),(328,9,'2-1',17,149),(329,10,'0-0',NULL,149),(330,11,'4-1',21,149),(331,12,'3-3',NULL,149),(332,17,'3-4',2,149),(333,18,'4-2',3,149),(334,19,'2-4',6,149),(335,20,'1-3',8,149),(336,21,'4-3',9,149),(337,22,'4-2',12,149),(338,23,'2-4',14,149),(339,24,'3-1',15,149),(340,25,'0-3',18,149),(341,26,'3-4',20,149),(342,27,'3-0',21,149),(343,28,'1-3',24,149),(344,33,'2-3',1,149),(345,34,'0-3',2,149),(346,35,'4-1',7,149),(347,36,'4-3',8,149),(348,37,'4-3',12,149),(349,38,'2-3',10,149),(350,39,'4-0',15,149),(351,40,'4-1',16,149),(352,41,'0-3',17,149),(353,42,'1-2',18,149),(354,43,'2-1',23,149),(355,44,'0-4',22,149),(356,6,'2-0',10,58),(357,8,'1-0',14,58),(358,9,'1-1',NULL,58),(359,10,'4-1',18,58),(360,11,'2-0',21,58),(361,12,'2-2',NULL,58),(362,19,'1-0',5,58),(363,18,'1-1',NULL,58),(364,17,'2-0',1,58),(365,20,'1-0',7,58),(366,21,'0-1',10,58),(367,22,'3-2',12,58),(368,25,'1-1',NULL,58),(369,23,'1-0',13,58),(370,24,'1-0',15,58),(371,26,'0-2',20,58),(372,27,'2-1',21,58),(373,28,'1-0',23,58),(374,35,'0-1',5,58),(375,36,'1-1',NULL,58),(376,33,'0-1',1,58),(377,34,'1-0',4,58),(378,37,'0-2',9,58),(379,38,'0-2',10,58),(380,39,'0-1',13,58),(381,40,'0-2',14,58),(382,41,'0-2',17,58),(383,42,'1-1',NULL,58),(384,43,'1-2',21,58),(385,44,'1-2',22,58),(386,1,'3-1',1,164),(387,2,'1-1',NULL,164),(388,3,'2-0',5,164),(389,4,'1-2',7,164),(390,7,'2-1',13,164),(391,5,'2-1',9,164),(392,6,'1-0',10,164),(393,8,'2-1',14,164),(394,9,'2-0',17,164),(395,10,'2-0',18,164),(396,7,'1-0',13,34),(397,5,'2-0',9,34),(398,6,'2-1',10,34),(399,8,'2-1',14,34),(400,9,'1-1',NULL,34),(401,10,'1-0',18,34),(402,11,'2-1',21,34),(403,12,'2-1',22,34),(404,19,'2-0',5,34),(405,18,'1-1',NULL,34),(406,17,'2-1',1,34),(407,20,'1-1',NULL,34),(408,21,'1-0',9,34),(409,22,'1-0',12,34),(410,25,'1-0',17,34),(411,23,'1-1',NULL,34),(412,24,'1-0',15,34),(413,26,'1-2',20,34),(414,27,'1-1',NULL,34),(415,28,'2-1',23,34),(416,35,'0-2',5,34),(417,36,'1-1',NULL,34),(418,33,'0-2',1,34),(419,34,'1-2',2,34),(420,39,'0-1',13,34),(421,40,'0-2',14,34),(422,37,'1-2',9,34),(423,38,'0-2',10,34),(424,43,'1-2',21,34),(425,44,'1-2',22,34),(426,41,'1-2',17,34),(427,42,'1-1',NULL,34),(428,1,'2-2',NULL,172),(429,2,'1-1',NULL,172),(430,3,'3-3',NULL,172),(431,4,'1-0',6,172),(432,5,'3-1',9,172),(433,6,'4-0',10,172),(434,7,'0-1',16,172),(435,8,'0-1',15,172),(436,9,'4-0',17,172),(437,10,'1-3',19,172),(438,11,'3-1',21,172),(439,12,'3-1',22,172),(440,17,'3-2',1,172),(441,18,'2-2',NULL,172),(442,19,'2-0',5,172),(443,20,'3-0',7,172),(444,21,'3-4',10,172),(445,22,'4-3',12,172),(446,23,'0-1',14,172),(447,24,'2-4',16,172),(448,25,'4-1',17,172),(449,26,'3-2',19,172),(450,27,'3-2',21,172),(451,28,'3-4',24,172),(452,33,'2-0',3,172),(453,34,'4-2',4,172),(454,35,'1-0',7,172),(455,36,'0-2',6,172),(456,37,'4-1',12,172),(457,38,'3-1',11,172),(458,39,'3-2',15,172),(459,40,'1-1',NULL,172),(460,41,'2-3',17,172),(461,42,'1-0',20,172),(462,43,'4-1',23,172),(463,44,'0-1',22,172),(464,1,'1-0',1,178),(465,2,'4-2',2,178),(466,3,'0-2',8,178),(467,4,'2-3',7,178),(468,5,'3-0',9,178),(469,6,'2-4',12,178),(470,7,'0-2',16,178),(471,8,'3-3',NULL,178),(472,9,'3-1',17,178),(473,10,'3-3',NULL,178),(474,11,'1-1',NULL,178),(475,12,'4-2',22,178),(476,17,'3-0',1,178),(477,18,'0-0',NULL,178),(478,19,'3-4',6,178),(479,20,'0-2',8,178),(480,21,'1-0',9,178),(481,22,'3-0',12,178),(482,23,'3-3',NULL,178),(483,24,'3-2',15,178),(484,25,'1-4',18,178),(485,26,'1-0',19,178),(486,27,'1-3',22,178),(487,28,'4-2',23,178),(488,33,'3-4',1,178),(489,34,'4-1',4,178),(490,35,'3-4',5,178),(491,36,'0-3',6,178),(492,37,'3-1',12,178),(493,38,'4-0',11,178),(494,39,'3-3',NULL,178),(495,40,'3-4',14,178),(496,41,'1-4',17,178),(497,42,'2-0',20,178),(498,43,'3-3',NULL,178),(499,44,'1-0',24,178),(500,1,'1-4',4,2),(501,2,'1-2',3,2),(502,3,'3-1',5,2),(503,4,'1-4',7,2),(504,5,'2-4',11,2),(505,6,'3-4',12,2),(506,7,'3-1',13,2),(507,8,'3-0',14,2),(508,9,'2-0',17,2),(509,10,'3-2',18,2),(510,11,'4-3',21,2),(511,12,'3-1',22,2),(512,17,'0-3',2,2),(513,18,'4-2',3,2),(514,19,'1-1',NULL,2),(515,20,'4-3',7,2),(516,21,'1-1',NULL,2),(517,22,'3-4',11,2),(518,23,'0-2',14,2),(519,24,'3-2',15,2),(520,25,'0-3',18,2),(521,26,'3-4',20,2),(522,27,'0-4',22,2),(523,28,'4-2',23,2),(524,33,'0-3',1,2),(525,34,'0-3',2,2),(526,35,'1-4',5,2),(527,36,'2-1',8,2),(528,37,'1-2',9,2),(529,38,'1-2',10,2),(530,39,'3-2',15,2),(531,40,'0-3',14,2),(532,41,'2-2',NULL,2),(533,42,'1-2',18,2),(534,43,'0-1',21,2),(535,44,'3-0',24,2),(536,3,'1-0',5,47),(537,4,'2-2',NULL,47),(538,2,'1-0',2,47),(539,17,'2-0',1,47),(540,2,'2-0',2,184),(541,3,'3-1',5,184),(542,4,'3-0',6,184),(543,4,'0-0',NULL,50),(544,7,'2-0',13,50),(545,5,'3-0',9,50),(546,6,'2-1',10,50),(547,7,'1-0',13,99),(548,5,'2-0',9,99),(549,6,'2-1',10,99),(550,8,'1-1',NULL,99),(551,9,'1-1',NULL,99),(552,10,'1-0',18,99),(553,11,'2-1',21,99),(554,12,'1-0',22,99),(555,19,'1-0',5,99),(556,18,'2-0',3,99),(557,17,'3-0',1,99),(558,20,'0-1',8,99),(559,21,'2-2',NULL,99),(560,22,'1-1',NULL,99),(561,25,'1-1',NULL,99),(562,23,'1-1',NULL,99),(563,24,'1-0',15,99),(564,26,'0-1',20,99),(565,27,'1-1',NULL,99),(566,28,'1-1',NULL,99),(567,35,'0-2',5,99),(568,36,'2-0',8,99),(569,33,'1-2',1,99),(570,34,'0-0',NULL,99),(571,39,'1-2',13,99),(572,40,'0-1',14,99),(573,37,'0-2',9,99),(574,38,'0-2',10,99),(575,43,'0-1',21,99),(576,44,'0-1',22,99),(577,41,'0-1',17,99),(578,42,'1-2',18,99),(579,7,'3-1',13,184),(580,5,'2-0',9,184),(581,6,'2-1',10,184),(582,8,'2-2',NULL,184),(583,11,'1-0',21,64),(584,12,'2-0',22,64),(585,7,'1-0',13,47),(586,7,'2-1',13,192),(587,5,'3-0',9,192),(588,6,'2-1',10,192),(589,8,'1-1',NULL,192),(590,9,'3-1',17,192),(591,10,'3-0',18,192),(592,11,'2-0',21,192),(593,12,'3-0',22,192),(594,19,'1-1',NULL,192),(595,18,'0-0',NULL,192),(596,17,'2-1',1,192),(597,20,'2-0',7,192),(598,5,'0-2',11,47),(599,6,'0-0',NULL,47),(600,7,'1-0',13,189),(601,5,'2-0',9,189),(602,5,'2-0',9,196),(603,6,'1-0',10,196),(604,8,'2-1',14,196),(605,9,'2-1',17,196),(606,10,'1-0',18,196),(607,11,'2-0',21,196),(608,12,'2-0',22,196),(609,19,'1-1',NULL,196),(610,18,'1-0',3,196),(611,17,'2-1',1,196),(612,20,'0-1',8,196),(613,21,'1-0',9,196),(614,25,'1-1',NULL,196),(615,9,'3-2',17,184),(616,10,'2-0',18,184),(617,11,'2-1',21,184),(618,12,'1-1',NULL,184),(619,19,'1-2',6,184),(620,6,'2-0',10,199),(621,6,'1-0',10,189),(622,8,'1-0',14,189),(623,9,'2-1',17,189),(624,10,'1-0',18,189),(625,11,'2-0',21,50),(626,12,'2-1',22,50),(627,27,'1-1',NULL,50),(628,28,'1-2',24,50),(629,43,'0-3',21,50),(630,44,'0-2',22,50),(631,27,'2-0',21,47),(632,11,'2-0',21,47),(633,43,'0-3',21,47),(634,12,'2-0',22,206),(635,11,'1-0',21,206),(636,11,'2-1',21,189),(637,12,'2-0',22,189),(638,12,'1-0',22,157),(639,19,'2-0',5,157),(641,18,'1-0',3,157),(642,17,'2-0',1,157),(643,19,'1-0',5,206),(644,18,'1-1',NULL,206),(645,17,'2-0',1,206),(646,20,'0-0',NULL,206),(647,21,'1-1',NULL,206),(648,22,'0-2',11,206),(649,25,'0-1',18,206),(650,23,'0-1',14,206),(651,24,'2-0',15,206),(652,26,'0-3',20,206),(653,27,'1-2',22,206),(654,28,'0-0',NULL,206),(655,35,'0-3',5,206),(656,36,'0-2',6,206),(657,33,'0-2',1,206),(658,34,'0-0',NULL,206),(659,39,'0-1',13,206),(660,40,'0-2',14,206),(661,37,'0-3',9,206),(662,38,'0-1',10,206),(663,43,'0-2',21,206),(664,44,'0-2',22,206),(665,41,'0-1',17,206),(666,42,'1-2',18,206),(667,11,'2-0',21,143),(668,12,'2-0',22,143),(669,19,'1-1',NULL,143),(670,18,'1-0',3,143),(671,17,'1-0',1,143),(672,11,'2-0',21,215),(673,20,'0-1',8,143),(674,12,'2-1',22,215),(675,21,'0-1',10,143),(676,25,'1-1',NULL,143),(677,22,'1-1',NULL,143),(678,23,'1-1',NULL,143),(679,24,'1-0',15,143),(680,26,'0-2',20,143),(681,27,'1-1',NULL,143),(682,12,'1-0',22,47),(683,11,'3-0',21,115),(684,12,'2-1',22,115),(685,19,'1-0',5,115),(686,18,'3-1',3,115),(687,17,'3-0',1,115),(688,17,'0-0',NULL,215),(689,18,'1-0',3,215),(690,19,'2-0',5,189),(691,18,'1-1',NULL,189),(692,17,'2-0',1,189),(693,19,'1-0',5,215),(694,19,'2-0',5,3),(695,19,'2-0',5,77),(696,18,'0-0',NULL,77),(697,17,'1-0',1,77),(698,20,'0-2',8,77),(699,21,'0-0',NULL,77),(700,22,'1-0',12,77),(701,25,'0-2',18,77),(702,23,'1-1',NULL,77),(703,24,'2-0',15,77),(704,26,'0-1',20,77),(705,27,'1-1',NULL,77),(706,28,'2-0',23,77),(707,20,'1-1',NULL,189),(708,21,'2-1',9,189),(709,22,'2-1',12,189),(710,19,'2-1',5,220),(711,18,'1-0',3,220),(712,17,'2-0',1,220),(713,20,'1-0',7,220),(714,21,'1-2',10,220),(715,22,'0-0',NULL,220),(716,25,'1-2',18,220),(717,23,'2-2',NULL,220),(718,24,'1-0',15,220),(719,26,'0-2',20,220),(720,27,'2-1',21,220),(721,28,'2-0',23,220),(722,35,'0-3',5,220),(723,18,'1-1',NULL,6),(724,17,'2-0',1,6),(725,20,'1-0',7,6),(726,21,'0-1',10,6),(727,22,'3-2',12,6),(728,25,'1-1',NULL,6),(729,23,'1-0',13,6),(730,24,'1-0',15,6),(731,26,'0-0',NULL,6),(732,27,'0-0',NULL,6),(733,28,'0-0',NULL,6),(734,35,'0-3',5,6),(735,36,'0-1',6,6),(736,33,'0-2',1,6),(737,34,'1-1',NULL,6),(738,39,'1-2',13,6),(739,40,'0-2',14,6),(740,37,'0-3',9,6),(741,38,'0-2',10,6),(742,43,'0-2',21,6),(743,44,'0-1',22,6),(744,41,'0-1',17,6),(745,42,'0-1',18,6),(746,20,'2-1',7,115),(747,21,'2-1',9,115),(748,22,'1-1',NULL,115),(749,25,'1-2',18,115),(750,23,'0-0',NULL,115),(751,24,'1-0',15,115),(752,26,'0-2',20,115),(753,27,'3-1',21,115),(754,28,'1-2',24,115),(755,35,'0-2',5,115),(756,20,'0-0',NULL,47),(757,21,'1-2',10,47),(758,20,'1-0',7,215),(759,21,'2-1',9,215),(760,22,'0-1',11,215),(761,25,'1-2',18,215),(762,27,'2-0',21,215),(763,43,'0-3',21,215),(764,20,'2-1',7,184),(765,21,'3-2',9,184),(766,23,'2-0',13,184),(767,24,'2-1',15,184),(768,25,'1-3',18,184),(769,22,'1-2',11,184),(770,27,'2-1',21,184),(771,26,'1-1',NULL,184),(772,28,'3-1',23,184),(773,35,'0-3',5,184),(774,25,'2-1',17,189),(775,23,'1-2',14,189),(776,24,'1-0',15,189),(777,27,'2-1',21,189),(778,28,'1-0',23,189),(779,20,'0-2',8,226),(780,21,'2-2',NULL,226),(781,22,'0-0',NULL,226),(782,20,'1-1',NULL,157),(783,21,'2-1',9,157),(784,22,'1-0',12,157),(785,21,'1-2',10,229),(786,22,'1-0',12,229),(787,25,'1-2',18,229),(788,23,'1-2',14,229),(789,22,'1-0',12,47),(790,25,'3-1',17,47),(791,23,'1-1',NULL,215),(792,24,'1-0',15,215),(793,26,'0-2',20,215),(794,28,'2-1',23,215),(795,1,'1-0',1,6),(796,28,'1-0',23,143),(797,35,'0-2',5,143),(798,36,'0-2',6,143),(799,33,'0-1',1,143),(800,34,'1-1',NULL,143),(801,39,'0-1',13,143),(802,40,'0-2',14,143),(803,37,'0-3',9,143),(804,38,'0-2',10,143),(805,43,'0-1',21,143),(806,41,'0-2',17,143),(807,44,'0-1',22,143),(808,42,'0-1',18,143),(809,2,'0-2',3,6),(810,3,'1-0',5,6),(811,4,'2-2',NULL,6),(812,5,'2-0',9,6),(813,6,'2-0',10,6),(815,7,'1-0',13,6),(816,8,'1-0',14,6),(817,9,'1-1',NULL,6),(818,10,'4-1',18,6),(819,11,'2-0',21,6),(820,12,'2-2',NULL,6),(821,19,'1-0',5,6),(822,25,'1-2',18,157),(823,23,'2-0',13,157),(824,24,'1-1',NULL,157),(825,23,'1-2',14,47),(826,25,'0-1',18,64),(827,23,'0-1',14,64),(828,24,'1-0',15,64),(829,26,'0-1',20,64),(830,27,'0-1',22,64),(831,28,'1-0',23,64),(832,36,'0-1',6,64),(833,35,'0-2',5,64),(834,34,'0-1',2,64),(835,33,'0-2',1,64),(836,40,'0-2',14,64),(837,39,'1-1',NULL,64),(838,37,'0-3',9,64),(839,26,'0-1',20,47),(840,28,'1-0',23,47),(841,35,'0-2',5,47),(842,35,'0-2',5,189),(843,26,'0-1',20,189),(844,36,'1-1',NULL,157),(845,36,'1-1',NULL,189),(846,33,'0-2',1,189),(847,34,'1-2',2,189),(848,35,'1-2',5,215),(849,36,'1-2',6,215),(850,40,'0-1',14,157),(851,39,'0-2',13,157),(852,37,'0-2',9,157),(853,38,'0-4',10,157),(854,37,'0-2',9,215),(855,38,'0-3',10,215),(856,39,'0-1',13,215),(857,40,'0-1',14,215),(858,41,'0-2',17,215),(859,42,'1-1',NULL,215),(860,44,'1-1',NULL,215),(861,39,'0-2',13,229),(862,40,'0-2',14,229),(863,37,'0-2',9,229),(864,38,'0-2',10,229),(865,43,'1-1',NULL,229),(866,44,'1-1',NULL,229),(867,41,'1-2',17,229),(868,42,'1-2',18,229),(869,38,'0-3',10,220),(870,37,'1-2',9,220),(871,43,'0-2',21,220),(872,44,'2-3',22,220),(873,41,'1-2',17,220),(874,42,'2-1',20,220),(875,37,'0-2',9,189),(876,38,'0-1',10,189),(877,43,'0-2',21,189),(878,44,'1-2',22,189),(879,41,'0-1',17,189),(880,42,'1-2',18,189),(881,43,'0-2',21,157),(882,44,'1-2',22,157),(883,41,'0-2',17,157),(884,42,'1-1',NULL,157),(885,50,'2-0',13,27),(886,55,'1-2',21,27),(887,50,'2-0',13,229),(888,49,'0-2',9,229),(889,55,'2-0',5,229),(890,56,'2-0',1,229),(891,51,'1-2',2,229),(892,54,'2-1',10,229),(893,53,'1-1',NULL,229),(894,52,'2-1',22,229),(895,50,'2-0',13,31),(896,50,'1-0',13,47),(897,49,'0-0',NULL,47),(898,51,'2-0',7,47),(899,56,'0-0',NULL,47),(900,55,'0-1',21,47),(901,54,'0-1',6,47),(902,53,'1-2',14,47),(903,52,'1-1',NULL,47),(904,50,'2-0',13,34),(905,49,'0-2',9,34),(906,55,'0-1',21,34),(907,56,'2-0',1,34),(908,51,'1-2',2,34),(909,54,'2-0',10,34),(910,53,'1-2',14,34),(911,52,'2-1',22,34),(912,50,'2-1',13,241),(913,49,'0-3',9,241),(914,55,'2-2',NULL,241),(915,56,'2-1',1,241),(916,51,'2-1',7,241),(917,54,'3-0',10,241),(918,53,'2-3',14,241),(919,52,'1-2',17,241),(920,50,'1-0',13,206),(921,49,'1-2',9,206),(922,56,'1-0',1,206),(923,51,'0-2',2,206),(924,54,'2-0',10,206),(925,53,'0-0',NULL,206),(926,52,'1-0',22,206),(927,55,'1-1',NULL,206),(928,50,'2-0',13,220),(929,49,'1-3',9,220),(930,49,'1-2',9,143),(931,50,'1-0',13,143),(932,51,'0-1',2,143),(933,52,'0-1',17,143),(934,53,'1-2',14,143),(935,54,'1-0',10,143),(936,55,'1-1',NULL,143),(937,56,'2-1',1,143),(938,55,'2-1',5,220),(939,56,'2-0',1,220),(940,51,'2-1',7,220),(941,54,'3-1',10,220),(942,53,'1-0',18,220),(943,52,'2-1',22,220),(944,50,'2-0',13,189),(945,49,'0-1',9,189),(946,55,'1-2',21,189),(947,56,'2-0',1,189),(948,51,'0-1',2,189),(949,54,'2-0',10,189),(950,53,'0-1',14,189),(951,52,'1-0',22,189),(952,56,'2-0',1,27),(953,50,'2-1',13,50),(954,49,'1-3',9,50),(955,55,'1-1',NULL,50),(956,56,'2-0',1,50),(957,51,'0-2',2,50),(958,54,'2-1',10,50),(959,53,'1-1',NULL,50),(960,52,'3-2',22,50),(961,50,'1-0',13,215),(962,49,'0-0',NULL,215),(963,55,'1-2',21,215),(964,56,'2-1',1,215),(965,51,'1-0',7,215),(966,54,'0-0',NULL,215),(967,53,'1-0',18,215),(968,52,'1-1',NULL,215),(969,50,'1-0',13,6),(970,49,'0-2',9,6),(971,55,'0-1',21,6),(972,56,'1-0',1,6),(973,51,'0-1',2,6),(974,54,'2-0',10,6),(975,53,'0-1',14,6),(976,52,'1-0',22,6),(977,50,'2-0',13,77),(978,49,'0-1',9,77),(979,55,'2-0',5,77),(980,56,'2-0',1,77),(981,51,'0-0',NULL,77),(982,54,'1-0',10,77),(983,53,'0-0',NULL,77),(984,52,'1-1',NULL,77),(985,49,'1-2',9,27),(986,51,'1-0',7,27),(987,54,'3-1',10,27),(988,53,'1-1',NULL,27),(989,52,'1-2',17,27),(990,50,'2-0',13,58),(991,49,'0-2',9,58),(992,55,'1-1',NULL,58),(993,56,'2-1',1,58),(994,51,'1-2',2,58),(995,54,'1-0',10,58),(996,53,'1-2',14,58),(997,52,'1-0',22,58),(998,49,'0-2',9,65),(999,55,'1-2',21,65),(1000,56,'2-0',1,65),(1001,55,'1-1',NULL,99),(1002,56,'2-1',1,99),(1003,51,'2-0',7,99),(1004,54,'2-0',10,99),(1005,53,'1-1',NULL,99),(1006,52,'1-1',NULL,99),(1007,54,'2-0',10,65),(1008,53,'0-1',14,65),(1009,52,'1-2',17,65),(1010,51,'1-0',7,65),(1011,55,'1-2',21,131),(1012,56,'2-0',1,131),(1013,51,'1-1',NULL,131),(1014,54,'2-0',10,131),(1015,53,'1-1',NULL,131),(1016,52,'1-1',NULL,131),(1017,55,'1-2',21,157),(1018,56,'3-0',1,157),(1019,51,'2-0',7,157),(1020,54,'2-1',10,157),(1021,53,'1-1',NULL,157),(1022,52,'1-1',NULL,157),(1023,51,'1-2',2,124),(1024,54,'3-1',10,124),(1025,53,'1-2',14,124),(1026,52,'1-2',17,124),(1027,57,'2-1',9,27),(1028,60,'2-1',5,27),(1029,57,'3-1',9,241),(1030,60,'1-3',15,241),(1031,57,'2-1',9,34),(1032,60,'2-1',5,34),(1033,53,'1-3',14,192),(1034,52,'1-2',17,192),(1035,57,'2-1',9,192),(1036,60,'1-1',NULL,192),(1037,57,'0-1',23,65),(1038,60,'0-1',15,65),(1039,57,'1-0',9,206),(1040,60,'2-1',5,206),(1041,57,'0-0',NULL,58),(1042,60,'1-0',5,58),(1043,57,'1-0',9,265),(1044,59,'1-1',NULL,27),(1045,58,'1-1',NULL,27),(1046,57,'2-0',9,99),(1047,60,'2-1',5,99),(1048,59,'2-2',NULL,99),(1049,58,'2-1',7,99),(1050,57,'2-0',9,6),(1051,60,'2-1',5,6),(1052,59,'2-1',10,6),(1053,58,'0-1',17,6),(1054,57,'1-1',NULL,215),(1055,60,'1-2',15,215),(1056,59,'2-1',10,215),(1057,58,'2-1',7,215),(1058,59,'2-0',10,206),(1059,58,'1-1',NULL,206),(1060,57,'2-0',9,226),(1061,60,'0-0',NULL,226),(1062,59,'1-0',10,226),(1063,58,'0-2',17,226),(1064,57,'1-0',9,274),(1065,60,'1-2',15,274),(1066,59,'2-0',10,274),(1067,58,'1-3',17,274),(1068,57,'1-0',9,143),(1069,60,'1-0',5,143),(1070,59,'2-1',10,143),(1071,58,'0-1',17,143),(1072,59,'2-1',10,65),(1073,58,'1-0',7,65),(1074,58,'1-1',NULL,34),(1075,59,'2-1',10,34),(1076,57,'2-1',9,50),(1077,60,'0-1',15,50),(1078,59,'1-1',NULL,50),(1079,58,'2-2',NULL,50),(1080,59,'2-1',10,58),(1081,58,'1-1',NULL,58),(1082,60,'0-0',NULL,77),(1083,59,'2-0',10,77),(1084,58,'1-1',NULL,77),(1085,59,'1-0',10,189),(1086,58,'0-2',17,189),(1087,61,'1-0',9,124),(1088,62,'2-1',10,124),(1089,63,'2-1',17,124),(1090,64,'2-2',NULL,124),(1091,61,'0-2',17,65),(1092,62,'1-2',5,50),(1093,61,'1-0',9,50),(1094,61,'1-1',NULL,27),(1095,62,'1-1',NULL,27),(1096,61,'1-1',NULL,103),(1097,62,'2-1',10,103),(1098,64,'1-1',NULL,103),(1099,63,'1-2',NULL,103),(1100,61,'1-0',9,206),(1101,62,'1-0',10,206),(1102,61,'1-2',17,47),(1103,62,'0-1',5,47),(1104,61,'1-0',9,6),(1105,62,'2-0',10,6),(1106,61,'0-0',NULL,143),(1107,62,'1-0',10,143),(1108,61,'1-2',17,277),(1109,62,'2-0',10,277),(1110,64,'1-0',NULL,277),(1111,61,'1-1',NULL,34),(1112,62,'1-1',NULL,34),(1113,61,'1-0',9,189),(1114,62,'0-1',5,189),(1115,62,'1-1',NULL,58),(1116,62,'2-1',10,99),(1117,63,'1-1',NULL,27),(1118,64,'1-1',NULL,27),(1119,63,'1-0',17,65),(1120,64,'1-0',9,65),(1121,63,'0-1',5,206),(1122,64,'0-2',10,206),(1123,63,'0-1',5,189),(1124,64,'2-0',9,189),(1125,63,'0-0',NULL,6),(1126,64,'1-3',10,6),(1127,63,'1-2',5,143),(1128,64,'0-2',10,143),(1129,64,'1-2',10,140),(1130,63,'1-1',NULL,50),(1131,64,'1-0',9,50),(1132,64,'1-0',9,34),(1133,64,'3-0',9,241),(1134,64,'1-2',10,58);
/*!40000 ALTER TABLE `predictions` ENABLE KEYS */;
UNLOCK TABLES;

--
-- Table structure for table `stadiums`
--

DROP TABLE IF EXISTS `stadiums`;
/*!40101 SET @saved_cs_client     = @@character_set_client */;
/*!40101 SET character_set_client = utf8 */;
CREATE TABLE `stadiums` (
  `id` int(11) NOT NULL AUTO_INCREMENT,
  `lat` double DEFAULT NULL,
  `lng` double DEFAULT NULL,
  `name` varchar(255) NOT NULL,
  `city` varchar(255) DEFAULT NULL,
  PRIMARY KEY (`id`)
) ENGINE=InnoDB AUTO_INCREMENT=13 DEFAULT CHARSET=utf8;
/*!40101 SET character_set_client = @saved_cs_client */;

--
-- Dumping data for table `stadiums`
--

LOCK TABLES `stadiums` WRITE;
/*!40000 ALTER TABLE `stadiums` DISABLE KEYS */;
INSERT INTO `stadiums` VALUES (1,30.069076,31.312332,'Le stade international du Caire','Le Caire'),(2,30.019909,31.373756,'Stade du 30 Juin','Le Caire'),(3,29.957686,32.542512,'Stade de Suez','Suez'),(4,30.580154,32.166885,'Stade d\'Ismaïlia','Ismaïlia'),(5,31.197275,29.911508,'Stade d\'Alexandrie','Alexandrie'),(6,30.174427,31.435194,'Stade Al Salam','Le Caire'),(7,53.278146,50.238854,'Cosmos Arena','Samara'),(8,48.734195,44.548345,'Volgograd Arena','Volgograd'),(9,54.181795,45.203851,'Mordovia Arena','Saransk'),(10,47.209581,39.738424,'Rostov Arena','Rostov-on-Don'),(11,43.402011,39.955709,'Fisht Olympic Stadium','Sochi'),(12,56.83249,60.573585,'Central Stadium','Yekaterinburg');
/*!40000 ALTER TABLE `stadiums` ENABLE KEYS */;
UNLOCK TABLES;

--
-- Table structure for table `stages`
--

DROP TABLE IF EXISTS `stages`;
/*!40101 SET @saved_cs_client     = @@character_set_client */;
/*!40101 SET character_set_client = utf8 */;
CREATE TABLE `stages` (
  `id` int(11) NOT NULL AUTO_INCREMENT,
  `name` varchar(255) NOT NULL,
  `opening_time` timestamp NOT NULL DEFAULT CURRENT_TIMESTAMP ON UPDATE CURRENT_TIMESTAMP,
  `closing_time` timestamp NULL DEFAULT NULL,
  `must_have_winner` tinyint(1) DEFAULT '0',
  PRIMARY KEY (`id`)
) ENGINE=InnoDB AUTO_INCREMENT=14 DEFAULT CHARSET=utf8;
/*!40101 SET character_set_client = @saved_cs_client */;

--
-- Dumping data for table `stages`
--

LOCK TABLES `stages` WRITE;
/*!40000 ALTER TABLE `stages` DISABLE KEYS */;
INSERT INTO `stages` VALUES (1,'GROUPE A','2019-06-20 19:00:03','2019-06-22 00:00:00',0),(2,'GROUPE B','2019-06-20 19:00:03','2019-06-22 14:00:00',0),(3,'GROUPE C','2019-06-20 20:40:54','2019-06-22 17:00:00',0),(4,'GROUPE D','2019-06-20 20:40:54','2019-06-22 14:00:00',0),(5,'GROUPE E','2019-06-20 20:40:54','2019-06-23 17:00:00',0),(6,'GROUPE F','2019-06-20 14:43:02','2019-06-23 14:00:00',0),(9,'Huitièmes de finale','2019-07-02 19:00:00','2019-07-06 00:00:00',1),(10,'Quarts de finale','2019-07-06 00:00:00','2019-07-11 00:00:00',1),(11,'Demi-finales','2019-07-10 00:00:00','2019-07-14 00:00:00',1),(12,'Finale','2019-07-11 00:00:00','2019-07-19 00:00:00',1),(13,'Petite finale','2019-07-11 00:00:00','2019-07-17 00:00:00',1);
/*!40000 ALTER TABLE `stages` ENABLE KEYS */;
UNLOCK TABLES;

--
-- Table structure for table `teams`
--

DROP TABLE IF EXISTS `teams`;
/*!40101 SET @saved_cs_client     = @@character_set_client */;
/*!40101 SET character_set_client = utf8 */;
CREATE TABLE `teams` (
  `id` int(11) NOT NULL AUTO_INCREMENT,
  `name` varchar(255) DEFAULT NULL,
  `iso2` varchar(45) DEFAULT NULL,
  `flag_url` varchar(255) DEFAULT NULL,
  `eliminated` tinyint(1) DEFAULT '0',
  PRIMARY KEY (`id`)
) ENGINE=InnoDB AUTO_INCREMENT=25 DEFAULT CHARSET=utf8;
/*!40101 SET character_set_client = @saved_cs_client */;

--
-- Dumping data for table `teams`
--

LOCK TABLES `teams` WRITE;
/*!40000 ALTER TABLE `teams` DISABLE KEYS */;
INSERT INTO `teams` VALUES (1,'Egypte','eg','https://upload.wikimedia.org/wikipedia/commons/f/fe/Flag_of_Egypt.svg',0),(2,'RD Congo','rdc','https://upload.wikimedia.org/wikipedia/commons/6/6f/Flag_of_the_Democratic_Republic_of_the_Congo.svg',0),(3,'Ouganda','ou','https://upload.wikimedia.org/wikipedia/commons/4/4e/Flag_of_Uganda.svg',0),(4,'Zimbabwe','zb','https://upload.wikimedia.org/wikipedia/commons/6/6a/Flag_of_Zimbabwe.svg',0),(5,'Nigeria','ng','https://upload.wikimedia.org/wikipedia/commons/7/79/Flag_of_Nigeria.svg',0),(6,'Guinée','gu','https://upload.wikimedia.org/wikipedia/commons/e/ed/Flag_of_Guinea.svg',0),(7,'Madagascar','ma','https://upload.wikimedia.org/wikipedia/commons/b/bc/Flag_of_Madagascar.svg',0),(8,'Burundi','bu','https://upload.wikimedia.org/wikipedia/commons/5/50/Flag_of_Burundi.svg',0),(9,'Senegal','sn','https://upload.wikimedia.org/wikipedia/commons/f/fd/Flag_of_Senegal.svg',0),(10,'Algérie','al','https://upload.wikimedia.org/wikipedia/commons/7/77/Flag_of_Algeria.svg',0),(11,'Tanzanie','ta','https://upload.wikimedia.org/wikipedia/commons/3/38/Flag_of_Tanzania.svg',0),(12,'Kenya','ke','https://upload.wikimedia.org/wikipedia/commons/4/49/Flag_of_Kenya.svg',0),(13,'Maroc','mar','https://upload.wikimedia.org/wikipedia/commons/2/2c/Flag_of_Morocco.svg',0),(14,'Côte d’Ivoire','iv','https://upload.wikimedia.org/wikipedia/commons/f/fe/Flag_of_C%C3%B4te_d%27Ivoire.svg',0),(15,'Afrique du Sud','af','https://upload.wikimedia.org/wikipedia/commons/a/af/Flag_of_South_Africa.svg',0),(16,'Namibie','na','https://upload.wikimedia.org/wikipedia/commons/0/00/Flag_of_Namibia.svg',0),(17,'Tunisie','tu','https://upload.wikimedia.org/wikipedia/commons/c/ce/Flag_of_Tunisia.svg',0),(18,'Mali','ml','https://upload.wikimedia.org/wikipedia/commons/9/92/Flag_of_Mali.svg',0),(19,'Mauritanie','mau','https://upload.wikimedia.org/wikipedia/commons/4/43/Flag_of_Mauritania.svg',0),(20,'Angola','an','https://upload.wikimedia.org/wikipedia/commons/9/9d/Flag_of_Angola.svg',0),(21,'Cameroun','ca','https://upload.wikimedia.org/wikipedia/commons/4/4f/Flag_of_Cameroon.svg',0),(22,'Ghana','gh','https://upload.wikimedia.org/wikipedia/commons/1/19/Flag_of_Ghana.svg',0),(23,'Bénin','be','https://upload.wikimedia.org/wikipedia/commons/0/0a/Flag_of_Benin.svg',0),(24,'Guinée-Bissau','gb','https://upload.wikimedia.org/wikipedia/commons/0/01/Flag_of_Guinea-Bissau.svg',0);
/*!40000 ALTER TABLE `teams` ENABLE KEYS */;
UNLOCK TABLES;

--
-- Table structure for table `users`
--

DROP TABLE IF EXISTS `users`;
/*!40101 SET @saved_cs_client     = @@character_set_client */;
/*!40101 SET character_set_client = utf8 */;
CREATE TABLE `users` (
  `id` int(11) NOT NULL AUTO_INCREMENT,
  `email` varchar(255) NOT NULL,
  `name` varchar(255) DEFAULT NULL,
  `entity` varchar(255) DEFAULT NULL,
  `picture_url` varchar(255) DEFAULT NULL,
  `afcon_winner` int(11) DEFAULT NULL,
  `points` int(11) NOT NULL DEFAULT '0',
  `has_modified_afcon_winner` tinyint(1) DEFAULT '0',
  `is_admin` tinyint(1) DEFAULT '0',
  PRIMARY KEY (`id`),
  UNIQUE KEY `email_UNIQUE` (`email`),
  KEY `fk_users_teams_idx` (`afcon_winner`),
  CONSTRAINT `fk_users_teams` FOREIGN KEY (`afcon_winner`) REFERENCES `teams` (`id`)
) ENGINE=InnoDB AUTO_INCREMENT=293 DEFAULT CHARSET=utf8;
/*!40101 SET character_set_client = @saved_cs_client */;

--
-- Dumping data for table `users`
--

LOCK TABLES `users` WRITE;
/*!40000 ALTER TABLE `users` DISABLE KEYS */;
INSERT INTO `users` VALUES (2,'guysotatoo@gmail.com','guysotatoo','gmail.com',NULL,22,67,0,0),(3,'alexngoumo.an@gmail.com','alexngoumo.an','gmail.com',NULL,9,3,0,0),(4,'thierrymartial.mbouendeu@gmail.com','thierrymartial.mbouendeu','gmail.com',NULL,4,0,0,0),(5,'spkstefan@gmail.com','spkstefan','gmail.com',NULL,21,0,0,0),(6,'Matouk.ma@gmail.com','Matouk.ma','gmail.com',NULL,10,129,0,0),(7,'luck.no@gmail.com','luck.no','gmail.com',NULL,12,0,0,0),(8,'bimourodrigue@gmail.com','bimourodrigue','gmail.com',NULL,10,15,0,0),(9,'christ.van@gmail.com','christ.van','gmail.com',NULL,1,0,0,0),(27,'andressegeofried@gmail.com','andressegeofried','gmail.com',NULL,14,115,0,1),(28,'andressekiller@gmail.com','lancebet','gmail.com',NULL,22,73,0,0),(31,'guyso.kams@gmail.com','guyso.kams','gmail.com',NULL,21,1,0,0),(34,'tehouluc47@gmail.com','tehouluc47','gmail.com',NULL,9,128,0,0),(37,'paleid2017@gmail.com','paleid2017','gmail.com',NULL,NULL,0,0,0),(40,'allafihalinaf@gmail.com','allafihalinaf','gmail.com',NULL,NULL,0,0,0),(42,'ndjiaebodefranck1@gmail.com','ndjiaebodefranck1','gmail.com',NULL,NULL,30,0,0),(44,'francko0805@gmail.com','francko0805','gmail.com',NULL,NULL,4,0,0),(47,'tgduhamel@gmail.com','tgduhamel','gmail.com',NULL,21,63,0,0),(50,'neshaly01@gmail.com','neshaly01','gmail.com',NULL,21,65,0,0),(52,'brhmmamoud@gmail.com','brhmmamoud','gmail.com',NULL,21,32,0,0),(55,'SorelMoumeni@gmail.com','SorelMoumeni','gmail.com',NULL,NULL,0,0,0),(58,'ouchenimad@gmail.com','ouchenimad','gmail.com',NULL,13,121,0,0),(61,'wwwjoelngawa@gmail.com','wwwjoelngawa','gmail.com',NULL,NULL,0,0,0),(64,'kebolorsala29@gmail.com','kebolorsala29','gmail.com',NULL,NULL,59,0,0),(65,'namiherve@gmail.com','namiherve','gmail.com',NULL,21,105,0,0),(68,'henrijoel_05@yahoo.fr','henrijoel_05@yahoo.fr','yahoo.fr',NULL,NULL,0,0,0),(71,'eddynzamer12@gmail.com','eddynzamer12','gmail.com',NULL,1,0,0,0),(74,'patricarmen2@gmail.com','patricarmen2','gmail.com',NULL,NULL,0,0,0),(77,'mohamedzidan1803@gmail.com','mohamedzidan1803','gmail.com',NULL,NULL,47,0,0),(80,'BelmondoTchinda@gmail.com','BelmondoTchinda','gmail.com',NULL,21,0,0,0),(83,'kissmissvlado@gmail.com','kissmissvlado','gmail.com',NULL,NULL,3,0,0),(86,'yannickadonisessiane@gmail.com','yannickadonisessiane','gmail.com',NULL,NULL,0,0,0),(89,'armelnzala@gmail.com','armelnzala','gmail.com',NULL,NULL,0,0,0),(92,'mmcherif96@gmail.com','mmcherif96','gmail.com',NULL,NULL,3,0,0),(95,'duhamel.tchafakgildas@diji.fr','duhamel.tchafakgildas@diji.fr','diji.fr',NULL,21,0,0,0),(98,'timbohinbo24@gmail.com','timbohinbo24','gmail.com',NULL,NULL,6,0,0),(99,'yonkeuulrich@gmail.com','yonkeuulrich','gmail.com',NULL,NULL,112,0,0),(102,'aichandiaye167@gmail.com','aichandiaye167','gmail.com',NULL,NULL,0,0,0),(103,'johann.adote@gmail.com','johann.adote','gmail.com',NULL,NULL,61,0,0),(106,'sidibyoro118@gmail.com','sidibyoro118','gmail.com',NULL,18,0,0,0),(108,'YannickNoah16@gmail.com','YannickNoah16','gmail.com',NULL,NULL,0,0,0),(111,'BoubaSouleman@gmail.com','BoubaSouleman','gmail.com',NULL,NULL,0,0,0),(112,'lhuillier.t@sfeir.com','lhuillier.t@sfeir.com','sfeir.com',NULL,NULL,0,0,0),(115,'penka-saadeu.m@sfeir.com','penka-saadeu.m@sfeir.com','sfeir.com',NULL,21,33,0,0),(118,'anseaume.r@sfeir.com','anseaume.r@sfeir.com','sfeir.com',NULL,NULL,0,0,0),(121,'sall.p@sfeir.com','sall.p@sfeir.com','sfeir.com',NULL,NULL,0,0,0),(124,'morellet.d@sfeir.com','morellet.d@sfeir.com','sfeir.com',NULL,21,95,0,0),(125,'arnaud.bakoula.ext@veolia.com','arnaud.bakoula.ext@veolia.com','veolia.com',NULL,NULL,0,0,0),(128,'fekih.m@sfeir.com','fekih.m@sfeir.com','sfeir.com',NULL,17,0,0,0),(131,'bedoui.f@sfeir.com','bedoui.f@sfeir.com','sfeir.com',NULL,NULL,14,0,0),(134,'lopez.a@sfeir.com','lopez.a@sfeir.com','sfeir.com',NULL,NULL,0,0,0),(137,'akadiri.g@sfeir.com','akadiri.g@sfeir.com','sfeir.com',NULL,NULL,94,0,0),(140,'girard.s@sfeir.com','girard.s@sfeir.com','sfeir.com',NULL,21,3,0,0),(143,'benlassoued.m@sfeir.com','benlassoued.m@sfeir.com','sfeir.com',NULL,9,142,0,0),(146,'mahjoub.o@sfeir.com','mahjoub.o@sfeir.com','sfeir.com',NULL,NULL,0,0,0),(149,'diouri.y@sfeir.com','diouri.y@sfeir.com','sfeir.com',NULL,13,75,0,0),(150,'diebold.j@sfeir.com','diebold.j@sfeir.com','sfeir.com',NULL,NULL,0,0,0),(153,'haddad.k@sfeir.com','haddad.k@sfeir.com','sfeir.com',NULL,NULL,0,0,0),(154,'truong.v@sfeir.com','truong.v@sfeir.com','sfeir.com',NULL,23,0,0,0),(157,'khamari.n@sfeir.com','khamari.n@sfeir.com','sfeir.com',NULL,21,80,0,0),(160,'abdellatif.derbel@gmail.com','abdellatif.derbel','gmail.com',NULL,NULL,3,0,0),(163,'markad.o@sfeir.com','markad.o@sfeir.com','sfeir.com',NULL,NULL,54,0,0),(164,'ratsimba.m@sfeir.com','ratsimba.m@sfeir.com','sfeir.com',NULL,NULL,27,0,0),(167,'benwafi.o@sfeir.com','benwafi.o@sfeir.com','sfeir.com',NULL,17,0,0,0),(170,'pheng.hh@sfeir.com','pheng.hh@sfeir.com','sfeir.com',NULL,NULL,0,0,0),(172,'majdi.jallouli90@gmail.com','majdi.jallouli90','gmail.com',NULL,17,71,0,0),(175,'blondinulrich@gmail.com','blondinulrich','gmail.com',NULL,1,0,0,0),(178,'jallouli.m@sfeir.com','jallouli.m@sfeir.com','sfeir.com',NULL,17,63,0,0),(181,'amar-bensaber.h@sfeir.com','amar-bensaber.h@sfeir.com','sfeir.com',NULL,NULL,0,0,0),(184,'keonfox45@gmail.com','keonfox45','gmail.com',NULL,NULL,46,0,0),(186,'tom.pouty@gmail.com','tom.pouty','gmail.com',NULL,NULL,0,0,0),(189,'ondouajean266@gmail.com','ondouajean266','gmail.com',NULL,NULL,100,0,0),(192,'benlazreg.i@sfeir.com','benlazreg.i@sfeir.com','sfeir.com',NULL,NULL,38,0,0),(194,'tchouakeupacome18@gmail.com','tchouakeupacome18','gmail.com',NULL,NULL,0,0,0),(196,'sliti.n@sfeir.com','sliti.n@sfeir.com','sfeir.com',NULL,NULL,34,0,0),(199,'lecygne.g@sfeir.com','lecygne.g@sfeir.com','sfeir.com',NULL,NULL,5,0,0),(202,'elkhalili.a@sfeir.com','elkhalili.a@sfeir.com','sfeir.com',NULL,NULL,0,0,0),(203,'chajia.o@sfeir.com','chajia.o@sfeir.com','sfeir.com',NULL,NULL,0,0,0),(206,'bouabsa.h@sfeir.com','bouabsa.h@sfeir.com','sfeir.com',NULL,NULL,113,0,0),(209,'sabos.b@sfeir.com','sabos.b@sfeir.com','sfeir.com',NULL,NULL,0,0,0),(210,'chaabi.l@sfeir.com','chaabi.l@sfeir.com','sfeir.com',NULL,NULL,0,0,0),(215,'yannicktatnou1990@gmail.com','yannicktatnou1990','gmail.com',NULL,21,67,0,0),(218,'okemba.g@sfeir.com','okemba.g@sfeir.com','sfeir.com',NULL,NULL,0,0,0),(220,'khimoud.s@sfeir.com','khimoud.s@sfeir.com','sfeir.com',NULL,NULL,50,0,0),(223,'lafosse.v@sfeir.com','lafosse.v@sfeir.com','sfeir.com',NULL,NULL,0,0,0),(226,'pavelhilson@gmail.com','pavelhilson','gmail.com',NULL,NULL,11,0,0),(229,'visionsportm@gmail.com','visionsportm','gmail.com',NULL,10,54,0,0),(232,'abengamandine@gmail.com','abengamandine','gmail.com',NULL,NULL,0,0,0),(235,'njoufdjinio@gmail.com','njoufdjinio','gmail.com',NULL,NULL,0,0,0),(238,'mathieu.roudaut.ext@veolia.com','mathieu.roudaut.ext@veolia.com','veolia.com',NULL,NULL,0,0,0),(241,'soumareibrahima266@gmail.com','soumareibrahima266','gmail.com',NULL,NULL,21,0,0),(244,'aurelienngniboga@gmail.com','aurelienngniboga','gmail.com',NULL,NULL,0,0,0),(247,'KhimoudSalem@gmail.com','KhimoudSalem','gmail.com',NULL,NULL,0,0,0),(248,'josio.simon@yahoo.fr','josio.simon@yahoo.fr','yahoo.fr',NULL,NULL,0,0,0),(251,'emmanuelhecheked@gmail.com','emmanuelhecheked','gmail.com',NULL,NULL,0,0,0),(252,'louise.esic@gmail.com','louise.esic','gmail.com',NULL,NULL,0,0,0),(255,'yonivanjordan53@gmail.com','yonivanjordan53','gmail.com',NULL,NULL,0,0,0),(258,'pierrel.f@sfeir.com','pierrel.f@sfeir.com','sfeir.com',NULL,NULL,0,0,0),(261,'bousselin.f@sfeir.com','bousselin.f@sfeir.com','sfeir.com',NULL,NULL,0,0,0),(262,'mahfoudhi.a@sfeir.com','mahfoudhi.a@sfeir.com','sfeir.com',NULL,NULL,0,0,0),(265,'bourtnikanton@gmail.com','bourtnikanton','gmail.com',NULL,NULL,5,0,0),(268,'gam.m@sfeir.com','gam.m@sfeir.com','sfeir.com',NULL,NULL,0,0,0),(271,'mansri.s@sfeir.com','mansri.s@sfeir.com','sfeir.com',NULL,NULL,0,0,0),(274,'nasri.a@sfeir.com','nasri.a@sfeir.com','sfeir.com',NULL,NULL,10,0,0),(277,'khiari.s@sfeir.com','khiari.s@sfeir.com','sfeir.com',NULL,NULL,5,0,0),(280,'mrad.a@sfeir.com','mrad.a@sfeir.com','sfeir.com',NULL,NULL,0,0,0),(283,'mohamed.ali.ben.lassoued@gmail.com','mohamed.ali.ben.lassoued','gmail.com',NULL,NULL,0,0,0),(286,'luck@example.com','luck@example.com','example.com',NULL,NULL,0,0,0),(287,'romdhane.o@sfeir.com','romdhane.o@sfeir.com','sfeir.com',NULL,NULL,0,0,0),(289,'imzourh.o@sfeir.com','imzourh.o@sfeir.com','sfeir.com',NULL,NULL,0,0,0),(292,'benouarred.n@sfeir.com','benouarred.n@sfeir.com','sfeir.com',NULL,NULL,0,0,0);
/*!40000 ALTER TABLE `users` ENABLE KEYS */;
UNLOCK TABLES;

--
-- Table structure for table `afcon`
--

DROP TABLE IF EXISTS `afcon`;
/*!40101 SET @saved_cs_client     = @@character_set_client */;
/*!40101 SET character_set_client = utf8 */;
CREATE TABLE `afcon` (
  `winner` int(11) DEFAULT NULL,
  `opening_time` timestamp NULL DEFAULT NULL,
  `closing_time` timestamp NULL DEFAULT NULL,
  `flag_url` varchar(255) DEFAULT NULL,
  KEY `fk_worldcup_teams1_idx` (`winner`),
  CONSTRAINT `fk_worldcup_teams1` FOREIGN KEY (`winner`) REFERENCES `teams` (`id`)
) ENGINE=InnoDB DEFAULT CHARSET=utf8;
/*!40101 SET character_set_client = @saved_cs_client */;

--
-- Dumping data for table `afcon`
--

LOCK TABLES `afcon` WRITE;
/*!40000 ALTER TABLE `afcon` DISABLE KEYS */;
INSERT INTO `afcon` VALUES (10,'2020-03-11 15:02:53','2020-03-11 15:02:53','https://upload.wikimedia.org/wikipedia/commons/7/77/Flag_of_Algeria.svg');
/*!40000 ALTER TABLE `afcon` ENABLE KEYS */;
UNLOCK TABLES;
/*!40103 SET TIME_ZONE=@OLD_TIME_ZONE */;

/*!40101 SET SQL_MODE=@OLD_SQL_MODE */;
/*!40014 SET FOREIGN_KEY_CHECKS=@OLD_FOREIGN_KEY_CHECKS */;
/*!40014 SET UNIQUE_CHECKS=@OLD_UNIQUE_CHECKS */;
/*!40101 SET CHARACTER_SET_CLIENT=@OLD_CHARACTER_SET_CLIENT */;
/*!40101 SET CHARACTER_SET_RESULTS=@OLD_CHARACTER_SET_RESULTS */;
/*!40101 SET COLLATION_CONNECTION=@OLD_COLLATION_CONNECTION */;
/*!40111 SET SQL_NOTES=@OLD_SQL_NOTES */;

-- Dump completed on 2019-11-03  4:07:32
